product;sku;image_url;reason
La Fiole du pape 75 cl;;https://r.bing.com/rp/r31GrT0Eaf_5sPyu1TswcyPA8VI.svg;cannot identify image file <_io.BytesIO object at 0x0000018AFE87C590>
La Fiole du pape 75 cl;;https://r.bing.com/rp/fdVZU4ttbw8NDRm6H3I5BW3_vCo.svg;cannot identify image file <_io.BytesIO object at 0x0000018A818AAA70>
La Fiole du pape 75 cl;;https://r.bing.com/rp/4L4QdyjTv0HYE2Ig2ol9eYoqxg8.svg;cannot identify image file <_io.BytesIO object at 0x0000018A818AAB10>
La Fiole du pape 75 cl;;https://r.bing.com/rp/Fsa_OI0AplCnVoXGca8ALOo0S0s.svg;cannot identify image file <_io.BytesIO object at 0x0000018A818AAC00>
La Fiole du pape 75 cl;;https://r.bing.com/rp/UusW4P7f5q9mXctgEuZhyIziufA.svg;cannot identify image file <_io.BytesIO object at 0x0000018A8194ACF0>
La Fiole du pape 75 cl;;https://r.bing.com/rp/4A9D07RlW6M7gPmPQQydX3khDJc.svg;cannot identify image file <_io.BytesIO object at 0x0000018A8194AB10>
La Fiole du pape 75 cl;;https://r.bing.com/rp/OHA5u4HW70mLbGkOE41WRDXcYTY.svg;cannot identify image file <_io.BytesIO object at 0x0000018A8194B0B0>
La Fiole du pape 75 cl;;https://r.bing.com/rp/UzLAW1Q1WOatPD4L3XbeKD9b0Lg.svg;cannot identify image file <_io.BytesIO object at 0x0000018A8194AED0>
La Fiole du pape 75 cl;;https://tse2.mm.bing.net/th/id/OIP.N7Y-IIZ9ILtNeQ5rJbznzAHaJQ?w=115&h=180&c=7&r=0&o=7&pid=1.7&rm=3;trop petite 115x180
La Fiole du pape 75 cl;;https://tse2.mm.bing.net/th/id/OIP.sN4PgTP1K0jRcnwxJ6-2JQHaJ4?w=115&h=180&c=7&r=0&o=7&pid=1.7&rm=3;trop petite 115x180
La Fiole du pape 75 cl;;https://tse1.mm.bing.net/th/id/OIP.FFxmT07qPMahF7DdBA9zWQHaEN?w=246&h=180&c=7&r=0&o=7&pid=1.7&rm=3;trop petite 246x180
La Fiole du pape 75 cl;;https://tse1.mm.bing.net/th/id/OIP._HLFqYkSEy2vkIMY3bqQNAHaEK?w=248&h=180&c=7&r=0&o=7&pid=1.7&rm=3;trop petite 248x180
La Fiole du pape 75 cl;;https://tse2.mm.bing.net/th/id/OIP.sdf00fI5cEeA4uRIod1mkQHaEK?w=248&h=180&c=7&r=0&o=7&pid=1.7&rm=3;trop petite 248x180
La Fiole du pape 75 cl;;https://tse3.mm.bing.net/th/id/OIP.40N1Tc_X2llAtEYSxttyDwHaJl?w=132&h=180&c=7&r=0&o=7&pid=1.7&rm=3;trop petite 132x180
La Fiole du pape 75 cl;;https://tse4.mm.bing.net/th/id/OIP.bVtG4fO9Cphkpv9vakQijgHaFY?w=236&h=180&c=7&r=0&o=7&pid=1.7&rm=3;trop petite 236x180
La Fiole du pape 75 cl;;https://tse3.mm.bing.net/th/id/OIF.hMd3GTzbKllQKoTSnT2Tkw?w=306&h=180&c=7&r=0&o=7&pid=1.7&rm=3;trop petite 306x180
La Fiole du pape 75 cl;;https://tse1.mm.bing.net/th?id=OIF.mjir%2fO9m7G7Dyak2mJcnOw&w=306&h=180&c=7&r=0&o=7&pid=1.7&rm=3;trop petite 306x180
La Fiole du pape 75 cl;;https://tse3.mm.bing.net/th/id/OIP.GLtdX7XLs-wWj-0FKNXyUQHaJ4?w=164&h=218&c=7&r=0&o=7&pid=1.7&rm=3;trop petite 164x218
La Fiole du pape 75 cl;;https://tse4.mm.bing.net/th/id/OIP.dNkADcRjClIAWtowapsf5QHaHa?w=218&h=218&c=7&r=0&o=7&pid=1.7&rm=3;trop petite 218x218
La Fiole du pape 75 cl;;https://tse3.mm.bing.net/th/id/OIP.c0kZ80eDjNqCHms2UYsv2wHaKe?w=154&h=218&c=7&r=0&o=7&pid=1.7&rm=3;trop petite 154x218
La Fiole du pape 75 cl;;https://tse2.mm.bing.net/th/id/OIP.gKQpjXUsW9gH0uQt68CmbgHaHa?w=218&h=218&c=7&r=0&o=7&pid=1.7&rm=3;trop petite 218x218
La Fiole du pape 75 cl;;https://tse4.mm.bing.net/th/id/OIP.09Z0TosV1o6wfXC5qLdCtgHaHa?w=218&h=218&c=7&r=0&o=7&pid=1.7&rm=3;trop petite 218x218
La Fiole du pape 75 cl;;https://tse1.mm.bing.net/th/id/OIP.-8weKkPDv9a1bMAKtZTwFQHaLH?w=116&h=180&c=7&r=0&o=7&pid=1.7&rm=3;trop petite 116x180
La Fiole du pape 75 cl;;https://tse3.mm.bing.net/th/id/OIP.ybgEqNDZsWhEqp84lSW_ZwHaNK?w=115&h=180&c=7&r=0&o=7&pid=1.7&rm=3;trop petite 115x180
La Fiole du pape 75 cl;;https://tse1.mm.bing.net/th/id/OIP.LvHkpW3j7Z0zLrRU5YrjpwAAAA?w=115&h=180&c=7&r=0&o=7&pid=1.7&rm=3;trop petite 115x180
La Fiole du pape 1,5 L;;https://r.bing.com/rp/r31GrT0Eaf_5sPyu1TswcyPA8VI.svg;cannot identify image file <_io.BytesIO object at 0x0000018AFE873F10>
La Fiole du pape 1,5 L;;https://r.bing.com/rp/fdVZU4ttbw8NDRm6H3I5BW3_vCo.svg;cannot identify image file <_io.BytesIO object at 0x0000018A81961B70>
La Fiole du pape 1,5 L;;https://r.bing.com/rp/4L4QdyjTv0HYE2Ig2ol9eYoqxg8.svg;cannot identify image file <_io.BytesIO object at 0x0000018AFE873F10>
La Fiole du pape 1,5 L;;https://r.bing.com/rp/Fsa_OI0AplCnVoXGca8ALOo0S0s.svg;cannot identify image file <_io.BytesIO object at 0x0000018A81961B70>
La Fiole du pape 1,5 L;;https://r.bing.com/rp/UusW4P7f5q9mXctgEuZhyIziufA.svg;cannot identify image file <_io.BytesIO object at 0x0000018AFE873F10>
La Fiole du pape 1,5 L;;https://r.bing.com/rp/4A9D07RlW6M7gPmPQQydX3khDJc.svg;cannot identify image file <_io.BytesIO object at 0x0000018A81961B70>
La Fiole du pape 1,5 L;;https://r.bing.com/rp/OHA5u4HW70mLbGkOE41WRDXcYTY.svg;cannot identify image file <_io.BytesIO object at 0x0000018AFE873F10>
La Fiole du pape 1,5 L;;https://r.bing.com/rp/UzLAW1Q1WOatPD4L3XbeKD9b0Lg.svg;cannot identify image file <_io.BytesIO object at 0x0000018AFE873F10>
La Fiole du pape 1,5 L;;https://tse3.mm.bing.net/th/id/OIF.l1efASBfpUOGYOsYL9KmCw?w=147&h=180&c=7&r=0&o=7&pid=1.7&rm=3;trop petite 147x180
La Fiole du pape 1,5 L;;https://tse2.mm.bing.net/th/id/OIF.G35Rp9d9hzXK3b7suU9E7Q?w=220&h=180&c=7&r=0&o=7&pid=1.7&rm=3;trop petite 220x180
La Fiole du pape 1,5 L;;https://tse4.mm.bing.net/th/id/OIF.I5zAeAqgPMjy8EtD0dzA3w?w=122&h=150&c=7&r=0&o=7&pid=1.7&rm=3;trop petite 122x150
La Fiole du pape 1,5 L;;https://tse4.mm.bing.net/th/id/OIF.zBUM0G3runM6iwWPJ72y9g?w=220&h=180&c=7&r=0&o=7&pid=1.7&rm=3;trop petite 220x180
La Fiole du pape 1,5 L;;https://tse3.mm.bing.net/th/id/OIF.grhiWsSzNCq2Ikvp14kthg?w=263&h=180&c=7&r=0&o=7&pid=1.7&rm=3;trop petite 263x180
La Fiole du pape 1,5 L;;https://tse1.mm.bing.net/th/id/OIF.Gdf9XtKHN5msmzoSIiwH1A?w=123&h=184&c=7&r=0&o=7&pid=1.7&rm=3;trop petite 123x184
La Fiole du pape 1,5 L;;https://tse1.mm.bing.net/th/id/OIF.kHMpUS203CKnM1bYF9jGoQ?w=328&h=184&c=7&r=0&o=7&pid=1.7&rm=3;trop petite 328x184
La Fiole du pape 1,5 L;;https://tse2.mm.bing.net/th/id/OIF.i5kuPDJnmYnrL86P23SRZQ?w=147&h=184&c=7&r=0&o=7&pid=1.7&rm=3;trop petite 147x184
Champagne Ruinard;;https://r.bing.com/rp/r31GrT0Eaf_5sPyu1TswcyPA8VI.svg;cannot identify image file <_io.BytesIO object at 0x0000018A8118A200>
Champagne Ruinard;;https://r.bing.com/rp/fdVZU4ttbw8NDRm6H3I5BW3_vCo.svg;cannot identify image file <_io.BytesIO object at 0x0000018A8118A2A0>
Champagne Ruinard;;https://r.bing.com/rp/4L4QdyjTv0HYE2Ig2ol9eYoqxg8.svg;cannot identify image file <_io.BytesIO object at 0x0000018A8118A160>
Champagne Ruinard;;https://r.bing.com/rp/Fsa_OI0AplCnVoXGca8ALOo0S0s.svg;cannot identify image file <_io.BytesIO object at 0x0000018A8118A110>
Champagne Ruinard;;https://r.bing.com/rp/UusW4P7f5q9mXctgEuZhyIziufA.svg;cannot identify image file <_io.BytesIO object at 0x0000018A8118A250>
Champagne Ruinard;;https://r.bing.com/rp/4A9D07RlW6M7gPmPQQydX3khDJc.svg;cannot identify image file <_io.BytesIO object at 0x0000018A8118A2F0>
Champagne Ruinard;;https://r.bing.com/rp/OHA5u4HW70mLbGkOE41WRDXcYTY.svg;cannot identify image file <_io.BytesIO object at 0x0000018A81189F30>
Champagne Ruinard;;https://r.bing.com/rp/UzLAW1Q1WOatPD4L3XbeKD9b0Lg.svg;cannot identify image file <_io.BytesIO object at 0x0000018A8118A1B0>
Champagne Ruinard;;https://tse4.mm.bing.net/th/id/OIP.s-Wb9NbIC-xe8B5nzl43PAHaNK?w=187&h=333&c=7&r=0&o=7&pid=1.7&rm=3;trop petite 187x333
Hennessy Paradis;;https://r.bing.com/rp/r31GrT0Eaf_5sPyu1TswcyPA8VI.svg;cannot identify image file <_io.BytesIO object at 0x0000018A81754450>
Hennessy Paradis;;https://r.bing.com/rp/fdVZU4ttbw8NDRm6H3I5BW3_vCo.svg;cannot identify image file <_io.BytesIO object at 0x0000018A817544A0>
Hennessy Paradis;;https://r.bing.com/rp/4L4QdyjTv0HYE2Ig2ol9eYoqxg8.svg;cannot identify image file <_io.BytesIO object at 0x0000018A817544F0>
Hennessy Paradis;;https://r.bing.com/rp/Fsa_OI0AplCnVoXGca8ALOo0S0s.svg;cannot identify image file <_io.BytesIO object at 0x0000018A81754400>
Hennessy Paradis;;https://r.bing.com/rp/UusW4P7f5q9mXctgEuZhyIziufA.svg;cannot identify image file <_io.BytesIO object at 0x0000018A81754630>
Hennessy Paradis;;https://r.bing.com/rp/4A9D07RlW6M7gPmPQQydX3khDJc.svg;cannot identify image file <_io.BytesIO object at 0x0000018A817545E0>
Hennessy Paradis;;https://r.bing.com/rp/OHA5u4HW70mLbGkOE41WRDXcYTY.svg;cannot identify image file <_io.BytesIO object at 0x0000018A81754540>
Hennessy Paradis;;https://r.bing.com/rp/UzLAW1Q1WOatPD4L3XbeKD9b0Lg.svg;cannot identify image file <_io.BytesIO object at 0x0000018A81754680>
Hennessy Paradis;;https://tse4.mm.bing.net/th/id/OIP.aiNSLymb64KItEsW1OMOnwHaMD?w=194&h=316&c=7&r=0&o=7&pid=1.7&rm=3;trop petite 194x316
Hennessy Paradis;;https://tse4.mm.bing.net/th/id/OIP.h3Hh9X4qTD5f7UH-cys1pgHaD4?w=194&h=101&c=7&r=0&o=7&pid=1.7&rm=3;trop petite 194x101
Hennessy Paradis;;https://tse1.mm.bing.net/th/id/OIP.wnQvuenN7DZ-6tLP7zlU2gHaEm?w=194&h=121&c=7&r=0&o=7&pid=1.7&rm=3;trop petite 194x121
Hennessy Paradis;;https://tse1.mm.bing.net/th/id/OIP.gyJgHfAsax7mHxBmADJ-LQHaE8?w=194&h=129&c=7&r=0&o=7&pid=1.7&rm=3;trop petite 194x129
Hennessy Paradis;;https://tse2.mm.bing.net/th/id/OIP.k4Bu1dPgceNiS42Jp3y2oAHaKe?w=194&h=274&c=7&r=0&o=7&pid=1.7&rm=3;trop petite 194x274
Hennessy Paradis;;https://tse4.mm.bing.net/th/id/OIP.7KQH73F4N97OmuQymziIdQHaFj?w=194&h=146&c=7&r=0&o=7&pid=1.7&rm=3;trop petite 194x146
Hennessy Paradis;;https://tse2.mm.bing.net/th/id/OIP.9BjIerK8uAhuQnXVQcOcpQHaNK?w=187&h=333&c=7&r=0&o=7&pid=1.7&rm=3;trop petite 187x333
Hennessy Paradis;;https://tse3.mm.bing.net/th/id/OIP.DInKsEPxcoT4uUQyee4nIwHaHa?w=194&h=194&c=7&r=0&o=7&pid=1.7&rm=3;trop petite 194x194
Hennessy Paradis;;https://tse4.mm.bing.net/th/id/OIP.NYjwmE1LQWcxE537Xkxg_AHaK7?w=194&h=287&c=7&r=0&o=7&pid=1.7&rm=3;trop petite 194x287
Hennessy Paradis;;https://tse2.mm.bing.net/th/id/OIP.uMnqnSJhbRSScEZNMjm8TgHaHa?w=194&h=194&c=7&r=0&o=7&pid=1.7&rm=3;trop petite 194x194
Hennessy Paradis;;https://tse2.mm.bing.net/th/id/OIP.4zEhczHqGS97Tw827H-zUgHaLH?w=194&h=291&c=7&r=0&o=7&pid=1.7&rm=3;trop petite 194x291
Hennessy Paradis;;https://tse1.mm.bing.net/th/id/OIP.AVUImLbt7a4zDQqO0YUCMQHaJQ?w=194&h=243&c=7&r=0&o=7&pid=1.7&rm=3;trop petite 194x243
Hennessy XO;;https://r.bing.com/rp/r31GrT0Eaf_5sPyu1TswcyPA8VI.svg;cannot identify image file <_io.BytesIO object at 0x0000018A819F9210>
Hennessy XO;;https://r.bing.com/rp/fdVZU4ttbw8NDRm6H3I5BW3_vCo.svg;cannot identify image file <_io.BytesIO object at 0x0000018A819F92B0>
Hennessy XO;;https://r.bing.com/rp/4L4QdyjTv0HYE2Ig2ol9eYoqxg8.svg;cannot identify image file <_io.BytesIO object at 0x0000018A819F96C0>
Hennessy XO;;https://r.bing.com/rp/Fsa_OI0AplCnVoXGca8ALOo0S0s.svg;cannot identify image file <_io.BytesIO object at 0x0000018A819F91C0>
Hennessy XO;;https://r.bing.com/rp/UusW4P7f5q9mXctgEuZhyIziufA.svg;cannot identify image file <_io.BytesIO object at 0x0000018A819F9260>
Hennessy XO;;https://r.bing.com/rp/4A9D07RlW6M7gPmPQQydX3khDJc.svg;cannot identify image file <_io.BytesIO object at 0x0000018A819F96C0>
Hennessy XO;;https://r.bing.com/rp/OHA5u4HW70mLbGkOE41WRDXcYTY.svg;cannot identify image file <_io.BytesIO object at 0x0000018A819F9440>
Hennessy XO;;https://r.bing.com/rp/UzLAW1Q1WOatPD4L3XbeKD9b0Lg.svg;cannot identify image file <_io.BytesIO object at 0x0000018A819F93F0>
Hennessy XO;;https://tse1.mm.bing.net/th/id/OIP.QpeS-XIrXmx4rxhczeSmeQHaE6?w=298&h=197&c=7&r=0&o=7&pid=1.7&rm=3;trop petite 298x197
Hennessy XO;;https://tse4.mm.bing.net/th/id/OIP.gvaevgnUQM3SEhSEpvzcVQHaFj?w=263&h=197&c=7&r=0&o=7&pid=1.7&rm=3;trop petite 263x197
Hennessy XO;;https://tse1.mm.bing.net/th/id/OIP.XmQKoujHYNkef2itLSJUhgHaJQ?w=157&h=197&c=7&r=0&o=7&pid=1.7&rm=3;trop petite 157x197
Hennessy XO;;https://tse4.mm.bing.net/th/id/OIP.ZhbGe9GPbawzSxNbBuhwJwHaFj?w=262&h=197&c=7&r=0&o=7&pid=1.7&rm=3;trop petite 262x197
Hennessy XO;;https://tse3.mm.bing.net/th/id/OIP.Gxs78a36I6r3BQ8Rd9cKRwHaE6?w=244&h=180&c=7&r=0&o=7&pid=1.7&rm=3;trop petite 244x180
Hennessy XO;;https://tse4.mm.bing.net/th/id/OIP.Ea3MjJsfRrQB5TytPvS1BQHaJS?w=127&h=180&c=7&r=0&o=7&pid=1.7&rm=3;trop petite 127x180
Hennessy XO;;https://tse4.mm.bing.net/th/id/OIP.wO7PymhyKqAwsDkKoBdDJAHaE6?w=243&h=180&c=7&r=0&o=7&pid=1.7&rm=3;trop petite 243x180
Hennessy XO;;https://tse2.mm.bing.net/th/id/OIP._1jGAI4-PJvSLm9kuuuYMgHaLH?w=115&h=180&c=7&r=0&o=7&pid=1.7&rm=3;trop petite 115x180
Hennessy XO;;https://tse4.mm.bing.net/th/id/OIP.ktYRWDfZADIvtzXRcKR9QwHaE7?w=243&h=180&c=7&r=0&o=7&pid=1.7&rm=3;trop petite 243x180
Hennessy XO;;https://tse4.mm.bing.net/th/id/OIP.5KZdAvmIhZGKUFIHUc9ayQAAAA?w=148&h=197&c=7&r=0&o=7&pid=1.7&rm=3;trop petite 148x197
Hennessy XO;;https://tse4.mm.bing.net/th/id/OIP.bAfgj65Jc1pK_43mBGkg8gHaFU?w=274&h=197&c=7&r=0&o=7&pid=1.7&rm=3;trop petite 274x197
Hennessy XO;;https://tse3.mm.bing.net/th/id/OIP.q9rS1YN4nAhs2kHmsUutvAHaFj?w=263&h=197&c=7&r=0&o=7&pid=1.7&rm=3;trop petite 263x197
Hennessy XO;;https://tse4.mm.bing.net/th/id/OIP.J9LBBks-sZVcdCsO5XvchQHaE7?w=295&h=197&c=7&r=0&o=7&pid=1.7&rm=3;trop petite 295x197
Hennessy XO;;https://tse4.mm.bing.net/th/id/OIP.zYNQAf1-ypoCmTqQtpRN6gHaFj?w=265&h=199&c=7&r=0&o=7&pid=1.7&rm=3;trop petite 265x199
Hennessy XO;;https://tse4.mm.bing.net/th/id/OIP.DWzdEv6EERqILPzzzs7j-AHaEy?w=307&h=199&c=7&r=0&o=7&pid=1.7&rm=3;trop petite 307x199
Hennessy XO;;https://tse4.mm.bing.net/th/id/OIP.PKxJHnlt9G5Zs4dg7WXEAgHaFU?w=276&h=199&c=7&r=0&o=7&pid=1.7&rm=3;trop petite 276x199
Hennessy XO;;https://tse2.mm.bing.net/th/id/OIP.ad1CQ5jfdm7m90zdwpd9xAHaLH?w=132&h=199&c=7&r=0&o=7&pid=1.7&rm=3;trop petite 132x199
Hennessy;;https://r.bing.com/rp/r31GrT0Eaf_5sPyu1TswcyPA8VI.svg;cannot identify image file <_io.BytesIO object at 0x0000018A8194BC40>
Hennessy;;https://r.bing.com/rp/fdVZU4ttbw8NDRm6H3I5BW3_vCo.svg;cannot identify image file <_io.BytesIO object at 0x0000018A8194BC40>
Hennessy;;https://r.bing.com/rp/4L4QdyjTv0HYE2Ig2ol9eYoqxg8.svg;cannot identify image file <_io.BytesIO object at 0x0000018A8194BC40>
Hennessy;;https://r.bing.com/rp/Fsa_OI0AplCnVoXGca8ALOo0S0s.svg;cannot identify image file <_io.BytesIO object at 0x0000018A8194BC40>
Hennessy;;https://r.bing.com/rp/UusW4P7f5q9mXctgEuZhyIziufA.svg;cannot identify image file <_io.BytesIO object at 0x0000018A8194BC40>
Hennessy;;https://r.bing.com/rp/4A9D07RlW6M7gPmPQQydX3khDJc.svg;cannot identify image file <_io.BytesIO object at 0x0000018A8194BC40>
Hennessy;;https://r.bing.com/rp/OHA5u4HW70mLbGkOE41WRDXcYTY.svg;cannot identify image file <_io.BytesIO object at 0x0000018A8194BC40>
Hennessy;;https://r.bing.com/rp/UzLAW1Q1WOatPD4L3XbeKD9b0Lg.svg;cannot identify image file <_io.BytesIO object at 0x0000018A8194BC40>
Hennessy;;https://tse1.mm.bing.net/th/id/OIP.UjrCGWeq2IBlbanutUQfiwHaEK?w=302&h=180&c=7&r=0&o=7&pid=1.7&rm=3;trop petite 302x180
Hennessy;;https://tse2.mm.bing.net/th/id/OIP.PZPRX3Yabt1g8zvNpyPYEgHaE8?w=254&h=180&c=7&r=0&o=7&pid=1.7&rm=3;trop petite 254x180
Hennessy;;https://tse1.mm.bing.net/th/id/OIP.TKV0S8e6PFyJiJsvDPFRKAHaHa?w=170&h=180&c=7&r=0&o=7&pid=1.7&rm=3;trop petite 170x180
Hennessy;;https://tse3.mm.bing.net/th/id/OIP._kGG4N5HqsYwITBEsHjmjQHaE8?w=254&h=180&c=7&r=0&o=7&pid=1.7&rm=3;trop petite 254x180
Hennessy;;https://tse3.mm.bing.net/th/id/OIP.t3zffxCZxFP29osRvW4OBQHaE8?w=248&h=180&c=7&r=0&o=7&pid=1.7&rm=3;trop petite 248x180
Hennessy;;https://tse3.mm.bing.net/th/id/OIP.4AK856QU2V5M1Fgy2CtLtgHaHa?w=166&h=180&c=7&r=0&o=7&pid=1.7&rm=3;trop petite 166x180
Hennessy;;https://tse2.mm.bing.net/th/id/OIP.gcfl6v_6Rt3vsE73OXKLEwHaD4?w=317&h=180&c=7&r=0&o=7&pid=1.7&rm=3;trop petite 317x180
Hennessy;;https://tse4.mm.bing.net/th/id/OIP.ZDtPP-mmabEmrO9nnolRqgHaE8?w=249&h=180&c=7&r=0&o=7&pid=1.7&rm=3;trop petite 249x180
Hennessy;;https://tse2.mm.bing.net/th/id/OIP.vLHjLEXjrdhU_7_a9C8HQQHaFj?w=271&h=203&c=7&r=0&o=7&pid=1.7&rm=3;trop petite 271x203
Hennessy;;https://tse1.mm.bing.net/th/id/OIP.XXbkThMlKeuU7xtzr3AR6wHaE8?w=304&h=203&c=7&r=0&o=7&pid=1.7&rm=3;trop petite 304x203
Hennessy;;https://tse2.mm.bing.net/th/id/OIP.G570R0aBGBJL7MWD6kfinAHaHa?w=203&h=203&c=7&r=0&o=7&pid=1.7&rm=3;trop petite 203x203
Hennessy;;https://tse3.mm.bing.net/th/id/OIP.Ayr5SnSRypbSOwWEadVY2QHaHa?w=202&h=203&c=7&r=0&o=7&pid=1.7&rm=3;trop petite 202x203
Hennessy;;https://tse1.mm.bing.net/th/id/OIP.Ot2A00P60Z8d6EbiEIigDgHaFp?w=279&h=213&c=7&r=0&o=7&pid=1.7&rm=3;trop petite 279x213
Hennessy;;https://tse3.mm.bing.net/th/id/OIP.Z7Zp9WaE7hS36sQtCKQZrgHaHa?w=213&h=213&c=7&r=0&o=7&pid=1.7&rm=3;trop petite 213x213
Hennessy;;https://tse1.mm.bing.net/th/id/OIP.sHWZweMRiH2W_aK9BL2hQAHaFt?w=276&h=213&c=7&r=0&o=7&pid=1.7&rm=3;trop petite 276x213
Hennessy;;https://tse4.mm.bing.net/th/id/OIP._Br5rNyL2qb2KvVSd5RyJgHaHa?w=212&h=213&c=7&r=0&o=7&pid=1.7&rm=3;trop petite 212x213
Hennessy;;https://tse4.mm.bing.net/th/id/OIP.Qg49eRqVmYnP7sfB1zJh6AHaHa?w=154&h=180&c=7&r=0&o=7&pid=1.7&rm=3;trop petite 154x180
Camus scotch;;https://r.bing.com/rp/r31GrT0Eaf_5sPyu1TswcyPA8VI.svg;cannot identify image file <_io.BytesIO object at 0x0000018A81501B20>
Camus scotch;;https://r.bing.com/rp/fdVZU4ttbw8NDRm6H3I5BW3_vCo.svg;cannot identify image file <_io.BytesIO object at 0x0000018A81501B70>
Camus scotch;;https://r.bing.com/rp/4L4QdyjTv0HYE2Ig2ol9eYoqxg8.svg;cannot identify image file <_io.BytesIO object at 0x0000018A81501BC0>
Camus scotch;;https://r.bing.com/rp/Fsa_OI0AplCnVoXGca8ALOo0S0s.svg;cannot identify image file <_io.BytesIO object at 0x0000018A81501AD0>
Camus scotch;;https://r.bing.com/rp/UusW4P7f5q9mXctgEuZhyIziufA.svg;cannot identify image file <_io.BytesIO object at 0x0000018A81501BC0>
Camus scotch;;https://r.bing.com/rp/4A9D07RlW6M7gPmPQQydX3khDJc.svg;cannot identify image file <_io.BytesIO object at 0x0000018A81501CB0>
Camus scotch;;https://r.bing.com/rp/OHA5u4HW70mLbGkOE41WRDXcYTY.svg;cannot identify image file <_io.BytesIO object at 0x0000018A81501C10>
Camus scotch;;https://r.bing.com/rp/UzLAW1Q1WOatPD4L3XbeKD9b0Lg.svg;cannot identify image file <_io.BytesIO object at 0x0000018A81501D50>
Camus scotch;;https://tse2.mm.bing.net/th/id/OIP.ybAfzPlftnct9_iK8mhtQgHaFN?w=240&h=180&c=7&r=0&o=7&pid=1.7&rm=3;trop petite 240x180
Camus scotch;;https://tse3.mm.bing.net/th/id/OIP.y2E-B8HtLUT8xi41oGYODAHaIs?w=143&h=180&c=7&r=0&o=7&pid=1.7&rm=3;trop petite 143x180
Camus scotch;;https://tse3.mm.bing.net/th/id/OIP.NQath2SqlMNxdkaPklF-kgHaEM?w=297&h=180&c=7&r=0&o=7&pid=1.7&rm=3;trop petite 297x180
Camus scotch;;https://tse4.mm.bing.net/th/id/OIP.tPQ-XHI6M8LTmcMJSgOrkwHaEK?w=300&h=180&c=7&r=0&o=7&pid=1.7&rm=3;trop petite 300x180
Camus scotch;;https://tse3.mm.bing.net/th/id/OIP.RbxJw74mMoDxLUW6z7BawgHaF2?w=183&h=180&c=7&r=0&o=7&pid=1.7&rm=3;trop petite 183x180
Camus scotch;;https://tse3.mm.bing.net/th/id/OIP.S8E7Ifp9NWz2XS8SksdHtQHaEK?w=257&h=180&c=7&r=0&o=7&pid=1.7&rm=3;trop petite 257x180
Camus scotch;;https://tse4.mm.bing.net/th/id/OIP.cZ7b1_ttcnNWiIN7Q1vL2QHaDF?w=282&h=145&c=7&r=0&o=7&pid=1.7&rm=3;trop petite 282x145
Camus scotch;;https://tse1.mm.bing.net/th/id/OIP.YTOxqIn46mLbZf_sh63SygHaEK?w=258&h=180&c=7&r=0&o=7&pid=1.7&rm=3;trop petite 258x180
Camus scotch;;https://tse2.mm.bing.net/th/id/OIP.GOmC40eYZE1VBJJYhJLNuwHaEL?w=284&h=180&c=7&r=0&o=7&pid=1.7&rm=3;trop petite 284x180
Camus scotch;;https://tse1.mm.bing.net/th/id/OIP.S4Fo6OBSSjGnWwqg9OwDLAHaFi?w=213&h=180&c=7&r=0&o=7&pid=1.7&rm=3;trop petite 213x180
Camus scotch;;https://tse2.mm.bing.net/th/id/OIP._VQmAwxi4O-n2se_B_YMDgHaGB?w=197&h=180&c=7&r=0&o=7&pid=1.7&rm=3;trop petite 197x180
Camus scotch;;https://tse3.mm.bing.net/th/id/OIP.BUISjtgQCFpRYDFgcv1_NQHaEJ?w=286&h=180&c=7&r=0&o=7&pid=1.7&rm=3;trop petite 286x180
Camus scotch;;https://tse2.mm.bing.net/th/id/OIP.AY3Ecu5bdt2eRhohV3tN0QHaE8?w=235&h=180&c=7&r=0&o=7&pid=1.7&rm=3;trop petite 235x180
Camus scotch;;https://tse3.mm.bing.net/th/id/OIP.WarGKo2MAilAk9kPicv_VgHaEJ?w=280&h=180&c=7&r=0&o=7&pid=1.7&rm=3;trop petite 280x180
Camus scotch;;https://tse4.mm.bing.net/th/id/OIP.n1KdmoWRhHcFla40WonRUgHaFa?w=215&h=180&c=7&r=0&o=7&pid=1.7&rm=3;trop petite 215x180
Camus scotch;;https://tse1.mm.bing.net/th/id/OIP.G4TlSmUnCK9PmzYvCnSZYwHaEo?w=250&h=180&c=7&r=0&o=7&pid=1.7&rm=3;trop petite 250x180
Camus scotch;;https://tse4.mm.bing.net/th/id/OIP.V_-mlXTo-LJ4u4aBbXLU6QHaFW?w=198&h=180&c=7&r=0&o=7&pid=1.7&rm=3;trop petite 198x180
Martell;;https://r.bing.com/rp/r31GrT0Eaf_5sPyu1TswcyPA8VI.svg;cannot identify image file <_io.BytesIO object at 0x0000018A8194BA10>
Martell;;https://r.bing.com/rp/fdVZU4ttbw8NDRm6H3I5BW3_vCo.svg;cannot identify image file <_io.BytesIO object at 0x0000018A8194BA10>
Martell;;https://r.bing.com/rp/4L4QdyjTv0HYE2Ig2ol9eYoqxg8.svg;cannot identify image file <_io.BytesIO object at 0x0000018A8194BA10>
Martell;;https://r.bing.com/rp/Fsa_OI0AplCnVoXGca8ALOo0S0s.svg;cannot identify image file <_io.BytesIO object at 0x0000018A8194BA10>
Martell;;https://r.bing.com/rp/UusW4P7f5q9mXctgEuZhyIziufA.svg;cannot identify image file <_io.BytesIO object at 0x0000018A8194BA10>
Martell;;https://r.bing.com/rp/4A9D07RlW6M7gPmPQQydX3khDJc.svg;cannot identify image file <_io.BytesIO object at 0x0000018A8194BA10>
Martell;;https://r.bing.com/rp/OHA5u4HW70mLbGkOE41WRDXcYTY.svg;cannot identify image file <_io.BytesIO object at 0x0000018A8194BA10>
Martell;;https://r.bing.com/rp/UzLAW1Q1WOatPD4L3XbeKD9b0Lg.svg;cannot identify image file <_io.BytesIO object at 0x0000018A8194BA10>
Martell;;https://tse2.mm.bing.net/th/id/OIP.R0nr_uLYvuhZF-KH0ec_mwHaJQ?w=122&h=180&c=7&r=0&o=7&pid=1.7&rm=3;trop petite 122x180
Martell;;https://tse1.mm.bing.net/th/id/OIP.fQpxEBqvG2SyZbhmrDNywgHaJQ?w=122&h=180&c=7&r=0&o=7&pid=1.7&rm=3;trop petite 122x180
Martell;;https://tse1.mm.bing.net/th/id/OIP.f4IMyzRuxra-OTlBbPNCZQHaE7?w=230&h=180&c=7&r=0&o=7&pid=1.7&rm=3;trop petite 230x180
Martell;;https://tse2.mm.bing.net/th/id/OIP.aNH6vhlFu1VUo403RDhA5gAAAA?w=271&h=180&c=7&r=0&o=7&pid=1.7&rm=3;trop petite 271x180
Martell;;https://tse3.mm.bing.net/th/id/OIP.TGU7SP9OAJrEaWQ8sbyd6AHaE8?w=227&h=180&c=7&r=0&o=7&pid=1.7&rm=3;trop petite 227x180
Martell;;https://tse3.mm.bing.net/th/id/OIP.KKyOR02oYKU_lcwh-9ecIQHaEK?w=275&h=180&c=7&r=0&o=7&pid=1.7&rm=3;trop petite 275x180
Martell;;https://tse2.mm.bing.net/th/id/OIP.zoM5S7SBxl4KySKaScuD4wHaHa?w=154&h=180&c=7&r=0&o=7&pid=1.7&rm=3;trop petite 154x180
Martell;;https://tse4.mm.bing.net/th/id/OIP.UniAv27SvMfJwUtvSwbrsQHaEK?w=275&h=180&c=7&r=0&o=7&pid=1.7&rm=3;trop petite 275x180
Martell;;https://tse4.mm.bing.net/th/id/OIP.hDqq376xcN5fqospt2MSbgHaEK?w=276&h=180&c=7&r=0&o=7&pid=1.7&rm=3;trop petite 276x180
Martell;;https://tse1.mm.bing.net/th/id/OIP.JJHOmdGQdXlXw0GdWcO70AHaE7?w=230&h=180&c=7&r=0&o=7&pid=1.7&rm=3;trop petite 230x180
Martell;;https://tse3.mm.bing.net/th/id/OIP.XRHFq4_VWzAs_K5V7RwSdgHaFc?w=207&h=180&c=7&r=0&o=7&pid=1.7&rm=3;trop petite 207x180
Martell;;https://tse2.mm.bing.net/th/id/OIP.wXq6kjblOaJZoyEu92XY0AHaEK?w=271&h=180&c=7&r=0&o=7&pid=1.7&rm=3;trop petite 271x180
Martell;;https://tse2.mm.bing.net/th/id/OIP.5c3k5b3ehewjA-XraSCv3QHaEK?w=272&h=180&c=7&r=0&o=7&pid=1.7&rm=3;trop petite 272x180
Martell;;https://tse4.mm.bing.net/th/id/OIP.Za8hDSdNJcUrB-3WgVn2HwHaJQ?w=149&h=187&c=7&r=0&o=7&pid=1.7&rm=3;trop petite 149x187
Martell;;https://tse2.mm.bing.net/th/id/OIP.99MQG8pVyKipN5iMZ9m18wHaFc?w=254&h=187&c=7&r=0&o=7&pid=1.7&rm=3;trop petite 254x187
Martell;;https://tse4.mm.bing.net/th/id/OIP.nWnFZjnrbCdlH_rhGyOZogHaL4?w=117&h=187&c=7&r=0&o=7&pid=1.7&rm=3;trop petite 117x187
Martell;;https://tse3.mm.bing.net/th/id/OIP.0a7TeDpSZ3hbK0WWTlLc7AHaL4?w=118&h=187&c=7&r=0&o=7&pid=1.7&rm=3;trop petite 118x187
Martell XO;;https://r.bing.com/rp/r31GrT0Eaf_5sPyu1TswcyPA8VI.svg;cannot identify image file <_io.BytesIO object at 0x0000018A8194BCE0>
Martell XO;;https://r.bing.com/rp/fdVZU4ttbw8NDRm6H3I5BW3_vCo.svg;cannot identify image file <_io.BytesIO object at 0x0000018A8194BC90>
Martell XO;;https://r.bing.com/rp/4L4QdyjTv0HYE2Ig2ol9eYoqxg8.svg;cannot identify image file <_io.BytesIO object at 0x0000018A8194AA20>
Martell XO;;https://r.bing.com/rp/Fsa_OI0AplCnVoXGca8ALOo0S0s.svg;cannot identify image file <_io.BytesIO object at 0x0000018A8194BCE0>
Martell XO;;https://r.bing.com/rp/UusW4P7f5q9mXctgEuZhyIziufA.svg;cannot identify image file <_io.BytesIO object at 0x0000018A8194BC90>
Martell XO;;https://r.bing.com/rp/4A9D07RlW6M7gPmPQQydX3khDJc.svg;cannot identify image file <_io.BytesIO object at 0x0000018A8194BCE0>
Martell XO;;https://r.bing.com/rp/OHA5u4HW70mLbGkOE41WRDXcYTY.svg;cannot identify image file <_io.BytesIO object at 0x0000018A8194AA20>
Martell XO;;https://r.bing.com/rp/UzLAW1Q1WOatPD4L3XbeKD9b0Lg.svg;cannot identify image file <_io.BytesIO object at 0x0000018A8194BC90>
Martell XO;;https://tse4.mm.bing.net/th/id/OIP.o3Q6ribgwFFek03BfkOZJgHaIk?w=122&h=180&c=7&r=0&o=7&pid=1.7&rm=3;trop petite 122x180
Martell XO;;https://tse1.mm.bing.net/th/id/OIP.WEf_0lCIA5VDMli8QzokSwHaH5?w=133&h=180&c=7&r=0&o=7&pid=1.7&rm=3;trop petite 133x180
Martell XO;;https://tse1.mm.bing.net/th/id/OIP.-AE0iWmvHJRGop_nNVeHDgHaEK?w=252&h=180&c=7&r=0&o=7&pid=1.7&rm=3;trop petite 252x180
Martell XO;;https://tse4.mm.bing.net/th/id/OIP.aENlQ30dJabTFqjlvbzE8QHaE-?w=212&h=180&c=7&r=0&o=7&pid=1.7&rm=3;trop petite 212x180
Martell XO;;https://tse3.mm.bing.net/th/id/OIP.VjVV2rIJKXWDvYXub3kqpQHaEK?w=253&h=180&c=7&r=0&o=7&pid=1.7&rm=3;trop petite 253x180
Martell XO;;https://tse3.mm.bing.net/th/id/OIP.lyWsBsB5956r_dKpZDxFiwHaFj?w=263&h=197&c=7&r=0&o=7&pid=1.7&rm=3;trop petite 263x197
Martell XO;;https://tse4.mm.bing.net/th/id/OIP.APoJu-J0J_hH0J1BGP2jCAHaFw?w=253&h=197&c=7&r=0&o=7&pid=1.7&rm=3;trop petite 253x197
Martell XO;;https://tse1.mm.bing.net/th/id/OIP.UxJtRVpUX7jX0fiMBLUnogHaH5?w=185&h=197&c=7&r=0&o=7&pid=1.7&rm=3;trop petite 185x197
Martell XO;;https://tse2.mm.bing.net/th/id/OIP.Tp9HUKkjJNNIzLVbkHESIgHaFP?w=279&h=197&c=7&r=0&o=7&pid=1.7&rm=3;trop petite 279x197
Martell XO;;https://tse4.mm.bing.net/th/id/OIP.McbnDN3zKRzlFn35tNoJigHaE8?w=306&h=187&c=7&r=0&o=7&pid=1.7&rm=3;trop petite 306x187
Martell XO;;https://tse3.mm.bing.net/th/id/OIP.q-UnqkJbtF_L11dHoQ39ZgHaEK?w=333&h=187&c=7&r=0&o=7&pid=1.7&rm=3;trop petite 333x187
Martell XO;;https://tse4.mm.bing.net/th/id/OIP.wk3YkyMOEeRtuNUN2QBMzQHaE8?w=306&h=187&c=7&r=0&o=7&pid=1.7&rm=3;trop petite 306x187
Martell  XXO;;https://r.bing.com/rp/r31GrT0Eaf_5sPyu1TswcyPA8VI.svg;cannot identify image file <_io.BytesIO object at 0x0000018A81BF0D10>
Martell  XXO;;https://r.bing.com/rp/fdVZU4ttbw8NDRm6H3I5BW3_vCo.svg;cannot identify image file <_io.BytesIO object at 0x0000018A81BF0D10>
Martell  XXO;;https://r.bing.com/rp/4L4QdyjTv0HYE2Ig2ol9eYoqxg8.svg;cannot identify image file <_io.BytesIO object at 0x0000018A81BF0D10>
Martell  XXO;;https://r.bing.com/rp/Fsa_OI0AplCnVoXGca8ALOo0S0s.svg;cannot identify image file <_io.BytesIO object at 0x0000018A81BF0D10>
Martell  XXO;;https://r.bing.com/rp/UusW4P7f5q9mXctgEuZhyIziufA.svg;cannot identify image file <_io.BytesIO object at 0x0000018A81BF0D10>
Martell  XXO;;https://r.bing.com/rp/4A9D07RlW6M7gPmPQQydX3khDJc.svg;cannot identify image file <_io.BytesIO object at 0x0000018A81BF0D10>
Martell  XXO;;https://r.bing.com/rp/OHA5u4HW70mLbGkOE41WRDXcYTY.svg;cannot identify image file <_io.BytesIO object at 0x0000018A81BF0D10>
Martell  XXO;;https://r.bing.com/rp/UzLAW1Q1WOatPD4L3XbeKD9b0Lg.svg;cannot identify image file <_io.BytesIO object at 0x0000018A81BF0D10>
Martell  XXO;;https://tse3.mm.bing.net/th/id/OIP.4K1t_UZ8X33PH--aV90hPwHaE7?w=267&h=180&c=7&r=0&o=7&pid=1.7&rm=3;trop petite 267x180
Martell  XXO;;https://tse4.mm.bing.net/th/id/OIP.Fb8DNatIl8w9RlhuHdZnogHaHa?w=178&h=180&c=7&r=0&o=7&pid=1.7&rm=3;trop petite 178x180
Martell  XXO;;https://tse1.mm.bing.net/th/id/OIP.YssIgCs2-h9i2SciVb-RfgHaE7?w=267&h=180&c=7&r=0&o=7&pid=1.7&rm=3;trop petite 267x180
Martell  XXO;;https://tse3.mm.bing.net/th/id/OIP.OcQYch2GT3rzaLLHnsbHMgHaE7?w=268&h=180&c=7&r=0&o=7&pid=1.7&rm=3;trop petite 268x180
Martell  XXO;;https://tse4.mm.bing.net/th/id/OIP.ggdJ82Hl0bNyFDJUTGAMUAHaD9?w=330&h=180&c=7&r=0&o=7&pid=1.7&rm=3;trop petite 330x180
Martell  XXO;;https://tse2.mm.bing.net/th/id/OIP.eae1y8buw59Jqxc93wzyOAHaEV?w=299&h=180&c=7&r=0&o=7&pid=1.7&rm=3;trop petite 299x180
Martell  XXO;;https://tse4.mm.bing.net/th/id/OIP.zDTwzQVfAkOPLR57tffcJAHaHa?w=175&h=180&c=7&r=0&o=7&pid=1.7&rm=3;trop petite 175x180
Martell  XXO;;https://tse3.mm.bing.net/th/id/OIP.DXDmzqI5iuTYka0Lvd3QvQHaHa?w=176&h=180&c=7&r=0&o=7&pid=1.7&rm=3;trop petite 176x180
Martell  XXO;;https://tse4.mm.bing.net/th/id/OIP.AcfTnhhnHWsNKaOFaQyvTgHaHa?w=176&h=180&c=7&r=0&o=7&pid=1.7&rm=3;trop petite 176x180
Martell  XXO;;https://tse1.mm.bing.net/th/id/OIP.FhNVXE0xzPFd-qfiuuZcqgHaHP?w=180&h=180&c=7&r=0&o=7&pid=1.7&rm=3;trop petite 180x180
Martell  XXO;;https://tse2.mm.bing.net/th/id/OIP.gO5jQDgKqckodaEALByo1AHaHa?w=176&h=180&c=7&r=0&o=7&pid=1.7&rm=3;trop petite 176x180
Martell  XXO;;https://tse4.mm.bing.net/th/id/OIP.A8IzSs5xyqr5uQwXpptSuQHaE7?w=264&h=180&c=7&r=0&o=7&pid=1.7&rm=3;trop petite 264x180
Martell  XXO;;https://tse4.mm.bing.net/th/id/OIP.SNsAjhMnDLeVT2PMHdkVsAHaHa?w=176&h=180&c=7&r=0&o=7&pid=1.7&rm=3;trop petite 176x180
Martell  XXO;;https://tse3.mm.bing.net/th/id/OIP.03s2tOj_ouInyM_GSp0mdQHaHa?w=192&h=192&c=7&r=0&o=7&pid=1.7&rm=3;trop petite 192x192
Martell  XXO;;https://tse3.mm.bing.net/th/id/OIP.WcpudkHd32cSzaRv0kpVdwHaJQ?w=153&h=192&c=7&r=0&o=7&pid=1.7&rm=3;trop petite 153x192
Martell  XXO;;https://tse2.mm.bing.net/th/id/OIP.XAOtiCG9YuniO6OpaKqVvAHaHa?w=193&h=192&c=7&r=0&o=7&pid=1.7&rm=3;trop petite 193x192
Martell  XXO;;https://tse3.mm.bing.net/th/id/OIP.wpHEx401cWMGlumdZlXesQHaHa?w=193&h=192&c=7&r=0&o=7&pid=1.7&rm=3;trop petite 193x192
Blue Label;;https://r.bing.com/rp/r31GrT0Eaf_5sPyu1TswcyPA8VI.svg;cannot identify image file <_io.BytesIO object at 0x0000018A817545E0>
Blue Label;;https://r.bing.com/rp/fdVZU4ttbw8NDRm6H3I5BW3_vCo.svg;cannot identify image file <_io.BytesIO object at 0x0000018A817545E0>
Blue Label;;https://r.bing.com/rp/4L4QdyjTv0HYE2Ig2ol9eYoqxg8.svg;cannot identify image file <_io.BytesIO object at 0x0000018A817545E0>
Blue Label;;https://r.bing.com/rp/Fsa_OI0AplCnVoXGca8ALOo0S0s.svg;cannot identify image file <_io.BytesIO object at 0x0000018A817545E0>
Blue Label;;https://r.bing.com/rp/UusW4P7f5q9mXctgEuZhyIziufA.svg;cannot identify image file <_io.BytesIO object at 0x0000018A817545E0>
Blue Label;;https://r.bing.com/rp/4A9D07RlW6M7gPmPQQydX3khDJc.svg;cannot identify image file <_io.BytesIO object at 0x0000018A817545E0>
Blue Label;;https://r.bing.com/rp/OHA5u4HW70mLbGkOE41WRDXcYTY.svg;cannot identify image file <_io.BytesIO object at 0x0000018A817545E0>
Blue Label;;https://r.bing.com/rp/UzLAW1Q1WOatPD4L3XbeKD9b0Lg.svg;cannot identify image file <_io.BytesIO object at 0x0000018A817545E0>
Blue Label;;https://tse3.mm.bing.net/th/id/OIP._pN1YIoQYEyIzGOp7a6DWQHaFK?w=288&h=200&c=7&r=0&o=7&pid=1.7&rm=3;trop petite 288x200
Blue Label  ghost and rare;;https://r.bing.com/rp/r31GrT0Eaf_5sPyu1TswcyPA8VI.svg;cannot identify image file <_io.BytesIO object at 0x0000018A81501C60>
Blue Label  ghost and rare;;https://r.bing.com/rp/fdVZU4ttbw8NDRm6H3I5BW3_vCo.svg;cannot identify image file <_io.BytesIO object at 0x0000018A81501BC0>
Blue Label  ghost and rare;;https://r.bing.com/rp/4L4QdyjTv0HYE2Ig2ol9eYoqxg8.svg;cannot identify image file <_io.BytesIO object at 0x0000018A81501DF0>
Blue Label  ghost and rare;;https://r.bing.com/rp/Fsa_OI0AplCnVoXGca8ALOo0S0s.svg;cannot identify image file <_io.BytesIO object at 0x0000018A81501C60>
Blue Label  ghost and rare;;https://r.bing.com/rp/UusW4P7f5q9mXctgEuZhyIziufA.svg;cannot identify image file <_io.BytesIO object at 0x0000018A81501BC0>
Blue Label  ghost and rare;;https://r.bing.com/rp/4A9D07RlW6M7gPmPQQydX3khDJc.svg;cannot identify image file <_io.BytesIO object at 0x0000018A81501DF0>
Blue Label  ghost and rare;;https://r.bing.com/rp/OHA5u4HW70mLbGkOE41WRDXcYTY.svg;cannot identify image file <_io.BytesIO object at 0x0000018A81501C60>
Blue Label  ghost and rare;;https://r.bing.com/rp/UzLAW1Q1WOatPD4L3XbeKD9b0Lg.svg;cannot identify image file <_io.BytesIO object at 0x0000018A81501BC0>
Blue Label  ghost and rare;;https://tse1.mm.bing.net/th/id/OIP.KgTJtl_YZ_PzAss5_NBpcwHaHa?w=194&h=194&c=7&r=0&o=7&pid=1.7&rm=3;trop petite 194x194
Blue Label  ghost and rare;;https://tse3.mm.bing.net/th/id/OIP.5gGTisJDsTal-knkM5jC8QHaHa?w=194&h=194&c=7&r=0&o=7&pid=1.7&rm=3;trop petite 194x194
Blue Label  ghost and rare;;https://tse3.mm.bing.net/th/id/OIP.7LoG6Bl97GiqNg5y45b_jQHaHa?w=194&h=194&c=7&r=0&o=7&pid=1.7&rm=3;trop petite 194x194
Blue Label  ghost and rare;;https://tse2.mm.bing.net/th/id/OIP.aXPXq9OAay_IWWz0z8KJ4AHaHa?w=195&h=194&c=7&r=0&o=7&pid=1.7&rm=3;trop petite 195x194
Blue Label  ghost and rare;;https://tse2.mm.bing.net/th/id/OIP.rgvto8obSjmYDYnzRmpN2wHaHa?w=195&h=194&c=7&r=0&o=7&pid=1.7&rm=3;trop petite 195x194
Blue Label  ghost and rare;;https://tse1.mm.bing.net/th/id/OIP.uDLnL_HvDup5ZxuZ9f9N4wHaHa?w=199&h=199&c=7&r=0&o=7&pid=1.7&rm=3;trop petite 199x199
Blue Label  ghost and rare;;https://tse4.mm.bing.net/th/id/OIP.jNzo8ota9gsDQJdzZWbLVwHaIT?w=178&h=199&c=7&r=0&o=7&pid=1.7&rm=3;trop petite 178x199
Blue Label  ghost and rare;;https://tse3.mm.bing.net/th/id/OIP.dNl6gWOIZknN1Dgr2UQRoQHaHj?w=195&h=199&c=7&r=0&o=7&pid=1.7&rm=3;trop petite 195x199
Blue Label  ghost and rare;;https://tse1.mm.bing.net/th/id/OIP.Nwra1_jshl6ve9iSSatF6AHaHa?w=200&h=199&c=7&r=0&o=7&pid=1.7&rm=3;trop petite 200x199
Blue Label  ghost and rare;;https://tse4.mm.bing.net/th/id/OIP.h0qkQlR9i9TyF_qZw3HsJAHaHa?w=200&h=199&c=7&r=0&o=7&pid=1.7&rm=3;trop petite 200x199
Blue Label  ghost and rare;;https://tse4.mm.bing.net/th/id/OIP.waIVQHt3V0F3NCBQ6TmInQHaHa?w=181&h=181&c=7&r=0&o=7&pid=1.7&rm=3;trop petite 181x181
Blue Label  ghost and rare;;https://tse3.mm.bing.net/th/id/OIP.at7VU192lomNJJRqE1QN2AHaN7?w=115&h=181&c=7&r=0&o=7&pid=1.7&rm=3;trop petite 115x181
Blue Label  ghost and rare;;https://tse3.mm.bing.net/th/id/OIP.piJs8WPzO513_ORNiaxyrgHaJ4?w=136&h=181&c=7&r=0&o=7&pid=1.7&rm=3;trop petite 136x181
Blue Label  ghost and rare;;https://tse2.mm.bing.net/th/id/OIP.fjXEmTy5AfZ4Yi-iJu0GFwHaJ4?w=136&h=181&c=7&r=0&o=7&pid=1.7&rm=3;trop petite 136x181
Blue Label  ghost and rare;;https://tse3.mm.bing.net/th/id/OIP.7xm84Ax--D4pBmmrfyftUQHaGN?w=216&h=181&c=7&r=0&o=7&pid=1.7&rm=3;trop petite 216x181
Blue Label  ghost and rare;;https://tse3.mm.bing.net/th/id/OIP.3q6pvp7o74qunlI_obODhgHaHa?w=180&h=181&c=7&r=0&o=7&pid=1.7&rm=3;trop petite 180x181
Blue Label  ghost and rare;;https://tse4.mm.bing.net/th/id/OIP.cFxZcERJoJnHyEVm-xa_DQHaHa?w=194&h=194&c=7&r=0&o=7&pid=1.7&rm=3;trop petite 194x194
Gold Label;;https://r.bing.com/rp/r31GrT0Eaf_5sPyu1TswcyPA8VI.svg;cannot identify image file <_io.BytesIO object at 0x0000018A81BF0FE0>
Gold Label;;https://r.bing.com/rp/fdVZU4ttbw8NDRm6H3I5BW3_vCo.svg;cannot identify image file <_io.BytesIO object at 0x0000018A81BF1030>
Gold Label;;https://r.bing.com/rp/4L4QdyjTv0HYE2Ig2ol9eYoqxg8.svg;cannot identify image file <_io.BytesIO object at 0x0000018A81BF1080>
Gold Label;;https://r.bing.com/rp/Fsa_OI0AplCnVoXGca8ALOo0S0s.svg;cannot identify image file <_io.BytesIO object at 0x0000018A81BF0FE0>
Gold Label;;https://r.bing.com/rp/UusW4P7f5q9mXctgEuZhyIziufA.svg;cannot identify image file <_io.BytesIO object at 0x0000018A81BF1030>
Gold Label;;https://r.bing.com/rp/4A9D07RlW6M7gPmPQQydX3khDJc.svg;cannot identify image file <_io.BytesIO object at 0x0000018A81BF1080>
Gold Label;;https://r.bing.com/rp/OHA5u4HW70mLbGkOE41WRDXcYTY.svg;cannot identify image file <_io.BytesIO object at 0x0000018A81BF0FE0>
Gold Label;;https://r.bing.com/rp/UzLAW1Q1WOatPD4L3XbeKD9b0Lg.svg;cannot identify image file <_io.BytesIO object at 0x0000018A81BF1030>
Gold Label;;https://tse2.mm.bing.net/th/id/OIP.Cg6UlU3XR9xflXzPGM014gHaLH?w=129&h=194&c=7&r=0&o=7&pid=1.7&rm=3;trop petite 129x194
Gold Label;;https://tse3.mm.bing.net/th/id/OIP.-LJB03eSvBsToHFwnN9-KAHaLH?w=129&h=194&c=7&r=0&o=7&pid=1.7&rm=3;trop petite 129x194
Gold Label;;https://tse2.mm.bing.net/th/id/OIP.nAL3pYuytp0CTZg9R8nHbwHaHa?w=194&h=194&c=7&r=0&o=7&pid=1.7&rm=3;trop petite 194x194
Gold Label;;https://tse4.mm.bing.net/th/id/OIP.GDOlbWuhyM00_VE8Rk6dcQHaKj?w=136&h=194&c=7&r=0&o=7&pid=1.7&rm=3;trop petite 136x194
Gold Label;;https://tse3.mm.bing.net/th/id/OIP.elAjaQWXruooR3er062cgwHaK3?w=132&h=194&c=7&r=0&o=7&pid=1.7&rm=3;trop petite 132x194
Gold Label;;https://tse4.mm.bing.net/th/id/OIP.PDg4uFF93snZ1v9PkEO-ygHaF7?w=244&h=194&c=7&r=0&o=7&pid=1.7&rm=3;trop petite 244x194
Gold Label;;https://tse1.mm.bing.net/th/id/OIP.XX7K2AYGpnKT_aQNm3_H8wHaKq?w=115&h=180&c=7&r=0&o=7&pid=1.7&rm=3;trop petite 115x180
Gold Label;;https://tse1.mm.bing.net/th/id/OIP.S7P6F_YX9vyDMmqwam4ysQHaEK?w=294&h=180&c=7&r=0&o=7&pid=1.7&rm=3;trop petite 294x180
Gold Label;;https://tse3.mm.bing.net/th/id/OIP.Du6cSKVys1QBqH8ikAQ1pwHaEK?w=294&h=180&c=7&r=0&o=7&pid=1.7&rm=3;trop petite 294x180
Gold Label;;https://tse3.mm.bing.net/th/id/OIP.6mHicA-_T7-9OcFe8bIe7AHaEb?w=277&h=180&c=7&r=0&o=7&pid=1.7&rm=3;trop petite 277x180
Gold Label;;https://tse1.mm.bing.net/th/id/OIP.Gc35ua3M-uyYk63FmtEPWwHaDC?w=316&h=143&c=7&r=0&o=7&pid=1.7&rm=3;trop petite 316x143
Gold Label;;https://tse2.mm.bing.net/th/id/OIP.jbUxWqQTe13hQGGuXmIBdwHaFj?w=217&h=180&c=7&r=0&o=7&pid=1.7&rm=3;trop petite 217x180
Gold Label;;https://tse3.mm.bing.net/th/id/OIP.vq2wn_C2qLFqZyB2V8CmXQHaDC?w=316&h=143&c=7&r=0&o=7&pid=1.7&rm=3;trop petite 316x143
Gold Label;;https://tse4.mm.bing.net/th/id/OIP.i9GiEeBZpUvU6aSWMy7ktwHaJJ?w=131&h=180&c=7&r=0&o=7&pid=1.7&rm=3;trop petite 131x180
Gold Label;;https://tse2.mm.bing.net/th/id/OIP.DNbTmCp0LLBGKvGHWJYd_wHaHW?w=158&h=180&c=7&r=0&o=7&pid=1.7&rm=3;trop petite 158x180
Gold Label;;https://tse1.mm.bing.net/th/id/OIP.b8DRlMAK31TmAbOHQB_rzQHaE7?w=236&h=180&c=7&r=0&o=7&pid=1.7&rm=3;trop petite 236x180
Gold Label;;https://tse3.mm.bing.net/th/id/OIP.ZNW7U4qDC9lwAvAgiILMoAHaFz?w=200&h=180&c=7&r=0&o=7&pid=1.7&rm=3;trop petite 200x180
Glenfiddich 12 ans;;https://r.bing.com/rp/r31GrT0Eaf_5sPyu1TswcyPA8VI.svg;cannot identify image file <_io.BytesIO object at 0x0000018A819639C0>
Glenfiddich 12 ans;;https://r.bing.com/rp/fdVZU4ttbw8NDRm6H3I5BW3_vCo.svg;cannot identify image file <_io.BytesIO object at 0x0000018A819618F0>
Glenfiddich 12 ans;;https://r.bing.com/rp/4L4QdyjTv0HYE2Ig2ol9eYoqxg8.svg;cannot identify image file <_io.BytesIO object at 0x0000018A81960220>
Glenfiddich 12 ans;;https://r.bing.com/rp/Fsa_OI0AplCnVoXGca8ALOo0S0s.svg;cannot identify image file <_io.BytesIO object at 0x0000018A819639C0>
Glenfiddich 12 ans;;https://r.bing.com/rp/UusW4P7f5q9mXctgEuZhyIziufA.svg;cannot identify image file <_io.BytesIO object at 0x0000018A819618F0>
Glenfiddich 12 ans;;https://r.bing.com/rp/4A9D07RlW6M7gPmPQQydX3khDJc.svg;cannot identify image file <_io.BytesIO object at 0x0000018A81960220>
Glenfiddich 12 ans;;https://r.bing.com/rp/OHA5u4HW70mLbGkOE41WRDXcYTY.svg;cannot identify image file <_io.BytesIO object at 0x0000018A819639C0>
Glenfiddich 12 ans;;https://r.bing.com/rp/UzLAW1Q1WOatPD4L3XbeKD9b0Lg.svg;cannot identify image file <_io.BytesIO object at 0x0000018A819618F0>
Glenfiddich 12 ans;;https://tse2.mm.bing.net/th/id/OIP.4yFK7kYf_3CJFq_7bB2hiQHaHa?w=199&h=199&c=7&r=0&o=7&pid=1.7&rm=3;trop petite 199x199
Glenfiddich 12 ans;;https://tse3.mm.bing.net/th/id/OIP.Ruqaitvz3HTQklr-ofRlpwHaOx?w=115&h=199&c=7&r=0&o=7&pid=1.7&rm=3;trop petite 115x199
Glenfiddich 12 ans;;https://tse4.mm.bing.net/th/id/OIP.4esWvFumiUQZU7zHAmDuoAHaHa?w=199&h=199&c=7&r=0&o=7&pid=1.7&rm=3;trop petite 199x199
Glenfiddich 12 ans;;https://tse2.mm.bing.net/th/id/OIP.KcWQ33BlcxzmULb29-tHKwAAAA?w=134&h=199&c=7&r=0&o=7&pid=1.7&rm=3;trop petite 134x199
Glenfiddich 12 ans;;https://tse4.mm.bing.net/th/id/OIP.ABeUwy6tkQfOt7-_bZFX-wHaMT?w=119&h=199&c=7&r=0&o=7&pid=1.7&rm=3;trop petite 119x199
Glenfiddich 12 ans;;https://tse2.mm.bing.net/th/id/OIP.gqEBd93rteYMefiaTPpd5QHaHa?w=198&h=199&c=7&r=0&o=7&pid=1.7&rm=3;trop petite 198x199
Glenfiddich 12 ans;;https://tse2.mm.bing.net/th/id/OIP.Qq7T1vOfeTw9ktkBdekMIQAAAA?w=115&h=180&c=7&r=0&o=7&pid=1.7&rm=3;trop petite 115x180
Glenfiddich 12 ans;;https://tse2.mm.bing.net/th/id/OIP.2IlLcVvdV1uTkTnTdSw4qgHaNE?w=115&h=180&c=7&r=0&o=7&pid=1.7&rm=3;trop petite 115x180
Glenfiddich 12 ans;;https://tse4.mm.bing.net/th/id/OIP.VoRAL7KxXkL1lK8K3_hBIwHaJ8?w=133&h=180&c=7&r=0&o=7&pid=1.7&rm=3;trop petite 133x180
Glenfiddich 12 ans;;https://tse1.mm.bing.net/th/id/OIP.Mq86uf54vptdB5IYMknZzQHaJe?w=139&h=180&c=7&r=0&o=7&pid=1.7&rm=3;trop petite 139x180
Glenfiddich 12 ans;;https://tse4.mm.bing.net/th/id/OIP.MjyJVU9s2D4ttIxgQUTbDQHaNJ?w=115&h=180&c=7&r=0&o=7&pid=1.7&rm=3;trop petite 115x180
Glenfiddich 12 ans;;https://tse3.mm.bing.net/th/id/OIP.nBhRkzEzO82ouYv0nOzHvgHaHm?w=174&h=180&c=7&r=0&o=7&pid=1.7&rm=3;trop petite 174x180
Glenfiddich 12 ans;;https://tse1.mm.bing.net/th/id/OIP.njJZO-kMhd0n0t_3PPTAJwHaIB?w=165&h=180&c=7&r=0&o=7&pid=1.7&rm=3;trop petite 165x180
Glenfiddich 12 ans;;https://tse1.mm.bing.net/th/id/OIP.pYFh7oVEIIjXGe0kekQuPgHaHa?w=212&h=212&c=7&r=0&o=7&pid=1.7&rm=3;trop petite 212x212
Glenfiddich 12 ans;;https://tse4.mm.bing.net/th/id/OIP.ifIhmQsSQOoSua1MhdW2aAHaNw?w=115&h=212&c=7&r=0&o=7&pid=1.7&rm=3;trop petite 115x212
Glenfiddich 12 ans;;https://tse3.mm.bing.net/th/id/OIP.XWaoFslD10l2JMk9f9mNEwHaLq?w=135&h=212&c=7&r=0&o=7&pid=1.7&rm=3;trop petite 135x212
Glenfiddich 12 ans;;https://tse1.mm.bing.net/th/id/OIP.kJuHFNwoHzSGlp2WZqq9dgHaKe?w=150&h=212&c=7&r=0&o=7&pid=1.7&rm=3;trop petite 150x212
Glenfiddich 18 ans;;https://r.bing.com/rp/r31GrT0Eaf_5sPyu1TswcyPA8VI.svg;cannot identify image file <_io.BytesIO object at 0x0000018A819611C0>
Glenfiddich 18 ans;;https://r.bing.com/rp/fdVZU4ttbw8NDRm6H3I5BW3_vCo.svg;cannot identify image file <_io.BytesIO object at 0x0000018A819611C0>
Glenfiddich 18 ans;;https://r.bing.com/rp/4L4QdyjTv0HYE2Ig2ol9eYoqxg8.svg;cannot identify image file <_io.BytesIO object at 0x0000018A819611C0>
Glenfiddich 18 ans;;https://r.bing.com/rp/Fsa_OI0AplCnVoXGca8ALOo0S0s.svg;cannot identify image file <_io.BytesIO object at 0x0000018A819611C0>
Glenfiddich 18 ans;;https://r.bing.com/rp/UusW4P7f5q9mXctgEuZhyIziufA.svg;cannot identify image file <_io.BytesIO object at 0x0000018A819611C0>
Glenfiddich 18 ans;;https://r.bing.com/rp/4A9D07RlW6M7gPmPQQydX3khDJc.svg;cannot identify image file <_io.BytesIO object at 0x0000018A819611C0>
Glenfiddich 18 ans;;https://r.bing.com/rp/OHA5u4HW70mLbGkOE41WRDXcYTY.svg;cannot identify image file <_io.BytesIO object at 0x0000018A819611C0>
Glenfiddich 18 ans;;https://r.bing.com/rp/UzLAW1Q1WOatPD4L3XbeKD9b0Lg.svg;cannot identify image file <_io.BytesIO object at 0x0000018A819611C0>
Glenfiddich 18 ans;;https://tse4.mm.bing.net/th/id/OIP.1tvtR5yIwzbevWgDON6ungHaJG?w=115&h=180&c=7&r=0&o=7&pid=1.7&rm=3;trop petite 115x180
Glenfiddich 18 ans;;https://tse3.mm.bing.net/th/id/OIP.zpI5Ngtvt8OKQ5tVmP3YXQHaDt?w=255&h=174&c=7&r=0&o=7&pid=1.7&rm=3;trop petite 255x174
Glenfiddich 18 ans;;https://tse2.mm.bing.net/th/id/OIP.OWR1rP1rs4qEdW3sxrmQ5QHaEK?w=233&h=180&c=7&r=0&o=7&pid=1.7&rm=3;trop petite 233x180
Glenfiddich 18 ans;;https://tse4.mm.bing.net/th/id/OIF.lEsh3Ka2FkkWwwGYn5M1kQ?w=115&h=180&c=7&r=0&o=7&pid=1.7&rm=3;trop petite 115x180
Glenfiddich 18 ans;;https://tse2.mm.bing.net/th?id=OIF.uJJ1Mt0SG6aWV1Ew%2f5L37g&w=254&h=174&c=7&r=0&o=7&pid=1.7&rm=3;trop petite 254x174
Glenfiddich 18 ans;;https://tse2.mm.bing.net/th/id/OIP.Cprmjx9UQ_kEVmoGD9JUWAHaFu?w=179&h=180&c=7&r=0&o=7&pid=1.7&rm=3;trop petite 179x180
Glenfiddich 18 ans;;https://tse3.mm.bing.net/th/id/OIF.g3lPNMsi1mLse3NoR15OAA?w=267&h=174&c=7&r=0&o=7&pid=1.7&rm=3;trop petite 267x174
Glenfiddich 18 ans;;https://tse3.mm.bing.net/th?id=OIF.C2qGyupygtWyK0B11%2fgXKg&w=267&h=174&c=7&r=0&o=7&pid=1.7&rm=3;trop petite 267x174
Glenfiddich 18 ans;;https://tse3.mm.bing.net/th/id/OIF.qki62VvVVhav2JIVcwuubQ?w=267&h=174&c=7&r=0&o=7&pid=1.7&rm=3;trop petite 267x174
Glenfiddich 18 ans;;https://tse4.mm.bing.net/th/id/OIP.WPg_EMhW7_XQOwtnn276YwHaJ4?w=125&h=180&c=7&r=0&o=7&pid=1.7&rm=3;trop petite 125x180
Glenfiddich 18 ans;;https://tse3.mm.bing.net/th/id/OIP._B8oYMuRcCYkunUagez-JQHaHa?w=167&h=180&c=7&r=0&o=7&pid=1.7&rm=3;trop petite 167x180
Glenfiddich 18 ans;;https://tse1.mm.bing.net/th/id/OIP.SdRMf83iFxTt9u6ty6AwpwHaHa?w=167&h=180&c=7&r=0&o=7&pid=1.7&rm=3;trop petite 167x180
Glenfiddich 18 ans;;https://tse1.mm.bing.net/th/id/OIP.iE31TNb6JIeEebLNfYU8QgHaGj?w=188&h=180&c=7&r=0&o=7&pid=1.7&rm=3;trop petite 188x180
Glenfiddich 18 ans;;https://tse4.mm.bing.net/th/id/OIP.ZRrie-gJzimPe2_CqZ98lgHaDt?w=325&h=175&c=7&r=0&o=7&pid=1.7&rm=3;trop petite 325x175
Glenfiddich 18 ans;;https://tse4.mm.bing.net/th?id=OIF.8GK5gQFCpl1al%2bSsU1FDuw&w=316&h=175&c=7&r=0&o=7&pid=1.7&rm=3;trop petite 316x175
Glenfiddich 18 ans;;https://tse4.mm.bing.net/th/id/OIP.5lER-F6k5iBqjKMLLFrlUgHaHa?w=162&h=180&c=7&r=0&o=7&pid=1.7&rm=3;trop petite 162x180
Glenfiddich 18 ans;;https://tse2.mm.bing.net/th/id/OIF.gZON5agrMO6hvTseHAU1XA?w=316&h=175&c=7&r=0&o=7&pid=1.7&rm=3;trop petite 316x175
Glenfiddich 15 ans;;https://r.bing.com/rp/r31GrT0Eaf_5sPyu1TswcyPA8VI.svg;cannot identify image file <_io.BytesIO object at 0x0000018A8194A610>
Glenfiddich 15 ans;;https://r.bing.com/rp/fdVZU4ttbw8NDRm6H3I5BW3_vCo.svg;cannot identify image file <_io.BytesIO object at 0x0000018A819618A0>
Glenfiddich 15 ans;;https://r.bing.com/rp/4L4QdyjTv0HYE2Ig2ol9eYoqxg8.svg;cannot identify image file <_io.BytesIO object at 0x0000018A8194A610>
Glenfiddich 15 ans;;https://r.bing.com/rp/Fsa_OI0AplCnVoXGca8ALOo0S0s.svg;cannot identify image file <_io.BytesIO object at 0x0000018A819618A0>
Glenfiddich 15 ans;;https://r.bing.com/rp/UusW4P7f5q9mXctgEuZhyIziufA.svg;cannot identify image file <_io.BytesIO object at 0x0000018A8194A610>
Glenfiddich 15 ans;;https://r.bing.com/rp/4A9D07RlW6M7gPmPQQydX3khDJc.svg;cannot identify image file <_io.BytesIO object at 0x0000018A819618A0>
Glenfiddich 15 ans;;https://r.bing.com/rp/OHA5u4HW70mLbGkOE41WRDXcYTY.svg;cannot identify image file <_io.BytesIO object at 0x0000018A8194A610>
Glenfiddich 15 ans;;https://r.bing.com/rp/UzLAW1Q1WOatPD4L3XbeKD9b0Lg.svg;cannot identify image file <_io.BytesIO object at 0x0000018A819618A0>
Glenfiddich 15 ans;;https://tse2.mm.bing.net/th/id/OIP.ybAfzPlftnct9_iK8mhtQgHaFN?w=220&h=180&c=7&r=0&o=7&pid=1.7&rm=3;trop petite 220x180
Glenfiddich 15 ans;;https://tse3.mm.bing.net/th/id/OIP.NQath2SqlMNxdkaPklF-kgHaEM?w=272&h=180&c=7&r=0&o=7&pid=1.7&rm=3;trop petite 272x180
Glenfiddich 15 ans;;https://tse3.mm.bing.net/th/id/OIP.y2E-B8HtLUT8xi41oGYODAHaIs?w=131&h=180&c=7&r=0&o=7&pid=1.7&rm=3;trop petite 131x180
Glenfiddich 15 ans;;https://tse1.mm.bing.net/th/id/OIP.X6WP5jA5NLFKkdTxFmep5AAAAA?w=154&h=124&c=7&r=0&o=7&pid=1.7&rm=3;trop petite 154x124
Glenfiddich 15 ans;;https://tse3.mm.bing.net/th/id/OIP.RbxJw74mMoDxLUW6z7BawgHaF2?w=195&h=180&c=7&r=0&o=7&pid=1.7&rm=3;trop petite 195x180
Glenfiddich 15 ans;;https://tse4.mm.bing.net/th/id/OIP.N05VWDZVe8HsX-m2PFohlwHaFj?w=196&h=180&c=7&r=0&o=7&pid=1.7&rm=3;trop petite 196x180
Glenfiddich 15 ans;;https://tse4.mm.bing.net/th/id/OIP.tPQ-XHI6M8LTmcMJSgOrkwHaEK?w=261&h=180&c=7&r=0&o=7&pid=1.7&rm=3;trop petite 261x180
Glenfiddich 15 ans;;https://tse3.mm.bing.net/th/id/OIP.S8E7Ifp9NWz2XS8SksdHtQHaEK?w=261&h=180&c=7&r=0&o=7&pid=1.7&rm=3;trop petite 261x180
Glenfiddich 15 ans;;https://tse1.mm.bing.net/th/id/OIP.YTOxqIn46mLbZf_sh63SygHaEK?w=262&h=180&c=7&r=0&o=7&pid=1.7&rm=3;trop petite 262x180
Glenfiddich 15 ans;;https://tse4.mm.bing.net/th/id/OIP.cZ7b1_ttcnNWiIN7Q1vL2QHaDF?w=283&h=145&c=7&r=0&o=7&pid=1.7&rm=3;trop petite 283x145
Glenfiddich 15 ans;;https://tse2.mm.bing.net/th/id/OIP._VQmAwxi4O-n2se_B_YMDgHaGB?w=179&h=180&c=7&r=0&o=7&pid=1.7&rm=3;trop petite 179x180
Glenfiddich 15 ans;;https://tse2.mm.bing.net/th/id/OIP.GOmC40eYZE1VBJJYhJLNuwHaEL?w=258&h=180&c=7&r=0&o=7&pid=1.7&rm=3;trop petite 258x180
Glenfiddich 15 ans;;https://tse3.mm.bing.net/th/id/OIP.hGGaBJEp2Yfj0JIr2IygqgHaEK?w=260&h=180&c=7&r=0&o=7&pid=1.7&rm=3;trop petite 260x180
Glenfiddich 15 ans;;https://tse3.mm.bing.net/th/id/OIP.BUISjtgQCFpRYDFgcv1_NQHaEJ?w=251&h=180&c=7&r=0&o=7&pid=1.7&rm=3;trop petite 251x180
Glenfiddich 15 ans;;https://tse4.mm.bing.net/th/id/OIP.dQURW5sejtgxA2TBdaV6HgHaD4?w=268&h=180&c=7&r=0&o=7&pid=1.7&rm=3;trop petite 268x180
Glenfiddich 15 ans;;https://tse2.mm.bing.net/th/id/OIP.AY3Ecu5bdt2eRhohV3tN0QHaE8?w=211&h=180&c=7&r=0&o=7&pid=1.7&rm=3;trop petite 211x180
Glenfiddich 15 ans;;https://tse3.mm.bing.net/th/id/OIP.WarGKo2MAilAk9kPicv_VgHaEJ?w=250&h=180&c=7&r=0&o=7&pid=1.7&rm=3;trop petite 250x180
Champagne Moet;;https://r.bing.com/rp/r31GrT0Eaf_5sPyu1TswcyPA8VI.svg;cannot identify image file <_io.BytesIO object at 0x0000018A819F9CB0>
Champagne Moet;;https://r.bing.com/rp/fdVZU4ttbw8NDRm6H3I5BW3_vCo.svg;cannot identify image file <_io.BytesIO object at 0x0000018A819F9120>
Champagne Moet;;https://r.bing.com/rp/4L4QdyjTv0HYE2Ig2ol9eYoqxg8.svg;cannot identify image file <_io.BytesIO object at 0x0000018A819F9CB0>
Champagne Moet;;https://r.bing.com/rp/Fsa_OI0AplCnVoXGca8ALOo0S0s.svg;cannot identify image file <_io.BytesIO object at 0x0000018A819F9120>
Champagne Moet;;https://r.bing.com/rp/UusW4P7f5q9mXctgEuZhyIziufA.svg;cannot identify image file <_io.BytesIO object at 0x0000018A819F9CB0>
Champagne Moet;;https://r.bing.com/rp/4A9D07RlW6M7gPmPQQydX3khDJc.svg;cannot identify image file <_io.BytesIO object at 0x0000018A819F9120>
Champagne Moet;;https://r.bing.com/rp/OHA5u4HW70mLbGkOE41WRDXcYTY.svg;cannot identify image file <_io.BytesIO object at 0x0000018A819F9CB0>
Champagne Moet;;https://r.bing.com/rp/UzLAW1Q1WOatPD4L3XbeKD9b0Lg.svg;cannot identify image file <_io.BytesIO object at 0x0000018A819F9120>
Champagne Moet;;https://tse3.mm.bing.net/th/id/OIP.kfbthYggvVtcBEOBzzfFwQHaJl?w=194&h=252&c=7&r=0&o=7&pid=1.7&rm=3;trop petite 194x252
Champagne Moet;;https://tse4.mm.bing.net/th/id/OIP.Up_RUbkP5VBwss-8_8PJ4wAAAA?w=194&h=252&c=7&r=0&o=7&pid=1.7&rm=3;trop petite 194x252
Champagne Moet;;https://tse2.mm.bing.net/th/id/OIP.NopmTazYinjTVqXUS8tbiwHaJl?w=194&h=252&c=7&r=0&o=7&pid=1.7&rm=3;trop petite 194x252
Champagne Moet;;https://tse4.mm.bing.net/th/id/OIP.ZzXwjW4HmHRtyfjXdAzLPwHaKe?w=194&h=274&c=7&r=0&o=7&pid=1.7&rm=3;trop petite 194x274
Champagne Moet;;https://tse2.mm.bing.net/th/id/OIP.QzaA-djYuX_mhOxik9zJPQHaKf?w=194&h=274&c=7&r=0&o=7&pid=1.7&rm=3;trop petite 194x274
Champagne Moet;;https://tse1.mm.bing.net/th/id/OIP.tAxn74L1Jo2sCG3f00XUrAAAAA?w=194&h=252&c=7&r=0&o=7&pid=1.7&rm=3;trop petite 194x252
Champagne Moet;;https://tse4.mm.bing.net/th/id/OIP.2kJgmCMKmR_Bzn_CpM0fPgHaDt?w=194&h=97&c=7&r=0&o=7&pid=1.7&rm=3;trop petite 194x97
Champagne Moet;;https://tse1.mm.bing.net/th/id/OIP.Am40CH0-_KmU67QVxbjkPQAAAA?w=190&h=247&c=7&r=0&o=7&pid=1.7&rm=3;trop petite 190x247
Champagne Moet;;https://tse1.mm.bing.net/th/id/OIP.sewQUQfJLeGC9HyJ638UlwHaHa?w=194&h=194&c=7&r=0&o=7&pid=1.7&rm=3;trop petite 194x194
Champagne Moet;;https://tse3.mm.bing.net/th/id/OIP.ZVmm2rmDblrGt8ZO_sFTSAHaKe?w=194&h=274&c=7&r=0&o=7&pid=1.7&rm=3;trop petite 194x274
Champagne Moet;;https://tse4.mm.bing.net/th/id/OIP.NWR6A5tum1Gc2DpZoYeulwHaLG?w=194&h=291&c=7&r=0&o=7&pid=1.7&rm=3;trop petite 194x291
Champagne Moet;;https://tse1.mm.bing.net/th/id/OIP.9oK3l4nuDQuQ_WyywEjy2gAAAA?w=194&h=274&c=7&r=0&o=7&pid=1.7&rm=3;trop petite 194x274
Champagne Moet;;https://tse2.mm.bing.net/th/id/OIP.9j3rDc3cKDYCYJeVlfo5FQAAAA?w=194&h=252&c=7&r=0&o=7&pid=1.7&rm=3;trop petite 194x252
Champagne Moet;;https://tse3.mm.bing.net/th/id/OIP.2LcUi4GpLfrjg-hNiyDZ0gHaLH?w=194&h=291&c=7&r=0&o=7&pid=1.7&rm=3;trop petite 194x291
Champagne Moet;;https://tse2.mm.bing.net/th/id/OIP.bN7lc-gNaQsRZUY_SjvzdwHaKe?w=194&h=274&c=7&r=0&o=7&pid=1.7&rm=3;trop petite 194x274
Champagne Moet;;https://tse3.mm.bing.net/th/id/OIP.QAbRCOisNCAljVs78WGs8gAAAA?w=194&h=252&c=7&r=0&o=7&pid=1.7&rm=3;trop petite 194x252
Champagne Moet;;https://tse1.mm.bing.net/th/id/OIP.vxxbxhdhXuHoI5l5ko88hgAAAA?w=194&h=194&c=7&r=0&o=7&pid=1.7&rm=3;trop petite 194x194
Champagne Veuve Cliquot;;https://r.bing.com/rp/r31GrT0Eaf_5sPyu1TswcyPA8VI.svg;cannot identify image file <_io.BytesIO object at 0x0000018A819F9BC0>
Champagne Veuve Cliquot;;https://r.bing.com/rp/fdVZU4ttbw8NDRm6H3I5BW3_vCo.svg;cannot identify image file <_io.BytesIO object at 0x0000018A81C3CFE0>
Champagne Veuve Cliquot;;https://r.bing.com/rp/4L4QdyjTv0HYE2Ig2ol9eYoqxg8.svg;cannot identify image file <_io.BytesIO object at 0x0000018A819F9BC0>
Champagne Veuve Cliquot;;https://r.bing.com/rp/Fsa_OI0AplCnVoXGca8ALOo0S0s.svg;cannot identify image file <_io.BytesIO object at 0x0000018A81C3CFE0>
Champagne Veuve Cliquot;;https://r.bing.com/rp/UusW4P7f5q9mXctgEuZhyIziufA.svg;cannot identify image file <_io.BytesIO object at 0x0000018A819F9BC0>
Champagne Veuve Cliquot;;https://r.bing.com/rp/4A9D07RlW6M7gPmPQQydX3khDJc.svg;cannot identify image file <_io.BytesIO object at 0x0000018A81C3CFE0>
Champagne Veuve Cliquot;;https://r.bing.com/rp/OHA5u4HW70mLbGkOE41WRDXcYTY.svg;cannot identify image file <_io.BytesIO object at 0x0000018A819F9BC0>
Champagne Veuve Cliquot;;https://r.bing.com/rp/UzLAW1Q1WOatPD4L3XbeKD9b0Lg.svg;cannot identify image file <_io.BytesIO object at 0x0000018A81C3CFE0>
Champagne Veuve Cliquot;;https://tse2.mm.bing.net/th/id/OIP.9KHlpoelcfUS2ZfSX3ozawHaFZ?w=244&h=180&c=7&r=0&o=7&pid=1.7&rm=3;trop petite 244x180
Champagne Veuve Cliquot;;https://tse1.mm.bing.net/th/id/OIP.lqaaiCu6pcM7r4kQgtt7vQHaFu?w=231&h=180&c=7&r=0&o=7&pid=1.7&rm=3;trop petite 231x180
Champagne Veuve Cliquot;;https://tse3.mm.bing.net/th/id/OIP.p2ZgLOSnWFso2SlCz5EMKwHaE7?w=267&h=180&c=7&r=0&o=7&pid=1.7&rm=3;trop petite 267x180
Champagne Veuve Cliquot;;https://tse3.mm.bing.net/th/id/OIP.Qf6sOryZNkmD1hNdRexweAHaFj?w=238&h=180&c=7&r=0&o=7&pid=1.7&rm=3;trop petite 238x180
Champagne Veuve Cliquot;;https://tse2.mm.bing.net/th/id/OIP.YfE3yAU1dVGRw9Rcog92GAHaE-?w=263&h=180&c=7&r=0&o=7&pid=1.7&rm=3;trop petite 263x180
Champagne Veuve Cliquot;;https://tse2.mm.bing.net/th/id/OIP.v_ZOXyQOEUMwV-Q7lNmQXQHaFA?w=260&h=180&c=7&r=0&o=7&pid=1.7&rm=3;trop petite 260x180
Champagne Veuve Cliquot;;https://tse4.mm.bing.net/th/id/OIP.jvEqzDa4gzntJ5McblcmGQHaFu?w=228&h=180&c=7&r=0&o=7&pid=1.7&rm=3;trop petite 228x180
Champagne Veuve Cliquot;;https://tse3.mm.bing.net/th/id/OIP.gF3YD0nOvOlhMTKash15HwHaFu?w=229&h=180&c=7&r=0&o=7&pid=1.7&rm=3;trop petite 229x180
Champagne Veuve Cliquot;;https://tse4.mm.bing.net/th/id/OIP.SMesy-dNiA6I4x6ZRwFpsgHaFP?w=233&h=180&c=7&r=0&o=7&pid=1.7&rm=3;trop petite 233x180
Champagne Veuve Cliquot;;https://tse3.mm.bing.net/th/id/OIP.6Hm4FkDWsSsWp5DBv2dlvgHaFP?w=233&h=180&c=7&r=0&o=7&pid=1.7&rm=3;trop petite 233x180
Champagne Veuve Cliquot;;https://tse4.mm.bing.net/th/id/OIP.mXL0IRh1iSKYwBCzxWujcQHaEv?w=257&h=180&c=7&r=0&o=7&pid=1.7&rm=3;trop petite 257x180
Champagne Veuve Cliquot;;https://tse3.mm.bing.net/th/id/OIP.2oDSWiian-l6-aKtuudjzAHaEu?w=257&h=180&c=7&r=0&o=7&pid=1.7&rm=3;trop petite 257x180
Champagne Veuve Cliquot;;https://tse1.mm.bing.net/th/id/OIP.SZYrqO7VU1bKw3AbtVtqjAHaFB?w=265&h=180&c=7&r=0&o=7&pid=1.7&rm=3;trop petite 265x180
Champagne Veuve Cliquot;;https://tse4.mm.bing.net/th/id/OIP.CNLadqntCyGu9uygXXSMjQHaFb?w=245&h=180&c=7&r=0&o=7&pid=1.7&rm=3;trop petite 245x180
Champagne Veuve Cliquot;;https://tse1.mm.bing.net/th/id/OIP.EyxIwOO0M7F4aTpGdy-3lAHaGz?w=195&h=180&c=7&r=0&o=7&pid=1.7&rm=3;trop petite 195x180
Champagne Veuve Cliquot;;https://tse1.mm.bing.net/th/id/OIP.vw5wPyPs70qfolk0zxqVqgHaE2?w=275&h=180&c=7&r=0&o=7&pid=1.7&rm=3;trop petite 275x180
Champagne Veuve Cliquot;;https://tse1.mm.bing.net/th/id/OIP.r5tFtkcvDn7ao7x_ml35tQHaEv?w=267&h=180&c=7&r=0&o=7&pid=1.7&rm=3;trop petite 267x180
Chivas;;https://r.bing.com/rp/r31GrT0Eaf_5sPyu1TswcyPA8VI.svg;cannot identify image file <_io.BytesIO object at 0x0000018A8197E340>
Chivas;;https://r.bing.com/rp/fdVZU4ttbw8NDRm6H3I5BW3_vCo.svg;cannot identify image file <_io.BytesIO object at 0x0000018A811884F0>
Chivas;;https://r.bing.com/rp/4L4QdyjTv0HYE2Ig2ol9eYoqxg8.svg;cannot identify image file <_io.BytesIO object at 0x0000018A81961300>
Chivas;;https://r.bing.com/rp/Fsa_OI0AplCnVoXGca8ALOo0S0s.svg;cannot identify image file <_io.BytesIO object at 0x0000018A8197E340>
Chivas;;https://r.bing.com/rp/UusW4P7f5q9mXctgEuZhyIziufA.svg;cannot identify image file <_io.BytesIO object at 0x0000018A811884F0>
Chivas;;https://r.bing.com/rp/4A9D07RlW6M7gPmPQQydX3khDJc.svg;cannot identify image file <_io.BytesIO object at 0x0000018A81961300>
Chivas;;https://r.bing.com/rp/OHA5u4HW70mLbGkOE41WRDXcYTY.svg;cannot identify image file <_io.BytesIO object at 0x0000018A8197E340>
Chivas;;https://r.bing.com/rp/UzLAW1Q1WOatPD4L3XbeKD9b0Lg.svg;cannot identify image file <_io.BytesIO object at 0x0000018A811884F0>
Chivas;;https://tse1.mm.bing.net/th/id/OIP.gAEzvbqQG6iWW8tWanHufQHaFj?w=267&h=200&c=7&r=0&o=7&pid=1.7&rm=3;trop petite 267x200
Mouton cadet;;https://r.bing.com/rp/r31GrT0Eaf_5sPyu1TswcyPA8VI.svg;cannot identify image file <_io.BytesIO object at 0x0000018A81FBA840>
Mouton cadet;;https://r.bing.com/rp/fdVZU4ttbw8NDRm6H3I5BW3_vCo.svg;cannot identify image file <_io.BytesIO object at 0x0000018A81FBA890>
Mouton cadet;;https://r.bing.com/rp/4L4QdyjTv0HYE2Ig2ol9eYoqxg8.svg;cannot identify image file <_io.BytesIO object at 0x0000018A81FBA8E0>
Mouton cadet;;https://r.bing.com/rp/Fsa_OI0AplCnVoXGca8ALOo0S0s.svg;cannot identify image file <_io.BytesIO object at 0x0000018A81FBA7F0>
Mouton cadet;;https://r.bing.com/rp/UusW4P7f5q9mXctgEuZhyIziufA.svg;cannot identify image file <_io.BytesIO object at 0x0000018A81FBAA20>
Mouton cadet;;https://r.bing.com/rp/4A9D07RlW6M7gPmPQQydX3khDJc.svg;cannot identify image file <_io.BytesIO object at 0x0000018A81FBA9D0>
Mouton cadet;;https://r.bing.com/rp/OHA5u4HW70mLbGkOE41WRDXcYTY.svg;cannot identify image file <_io.BytesIO object at 0x0000018A81FBA930>
Mouton cadet;;https://r.bing.com/rp/UzLAW1Q1WOatPD4L3XbeKD9b0Lg.svg;cannot identify image file <_io.BytesIO object at 0x0000018A81FBAA70>
Mouton cadet;;https://tse2.mm.bing.net/th/id/OIP.ybAfzPlftnct9_iK8mhtQgHaFN?w=240&h=180&c=7&r=0&o=7&pid=1.7&rm=3;trop petite 240x180
Mouton cadet;;https://tse3.mm.bing.net/th/id/OIP.y2E-B8HtLUT8xi41oGYODAHaIs?w=143&h=180&c=7&r=0&o=7&pid=1.7&rm=3;trop petite 143x180
Mouton cadet;;https://tse3.mm.bing.net/th/id/OIP.NQath2SqlMNxdkaPklF-kgHaEM?w=297&h=180&c=7&r=0&o=7&pid=1.7&rm=3;trop petite 297x180
Mouton cadet;;https://tse4.mm.bing.net/th/id/OIP.tPQ-XHI6M8LTmcMJSgOrkwHaEK?w=300&h=180&c=7&r=0&o=7&pid=1.7&rm=3;trop petite 300x180
Mouton cadet;;https://tse3.mm.bing.net/th/id/OIP.RbxJw74mMoDxLUW6z7BawgHaF2?w=183&h=180&c=7&r=0&o=7&pid=1.7&rm=3;trop petite 183x180
Mouton cadet;;https://tse3.mm.bing.net/th/id/OIP.S8E7Ifp9NWz2XS8SksdHtQHaEK?w=257&h=180&c=7&r=0&o=7&pid=1.7&rm=3;trop petite 257x180
Mouton cadet;;https://tse4.mm.bing.net/th/id/OIP.cZ7b1_ttcnNWiIN7Q1vL2QHaDF?w=282&h=145&c=7&r=0&o=7&pid=1.7&rm=3;trop petite 282x145
Mouton cadet;;https://tse1.mm.bing.net/th/id/OIP.YTOxqIn46mLbZf_sh63SygHaEK?w=258&h=180&c=7&r=0&o=7&pid=1.7&rm=3;trop petite 258x180
Mouton cadet;;https://tse2.mm.bing.net/th/id/OIP.GOmC40eYZE1VBJJYhJLNuwHaEL?w=284&h=180&c=7&r=0&o=7&pid=1.7&rm=3;trop petite 284x180
Mouton cadet;;https://tse1.mm.bing.net/th/id/OIP.S4Fo6OBSSjGnWwqg9OwDLAHaFi?w=213&h=180&c=7&r=0&o=7&pid=1.7&rm=3;trop petite 213x180
Mouton cadet;;https://tse2.mm.bing.net/th/id/OIP._VQmAwxi4O-n2se_B_YMDgHaGB?w=197&h=180&c=7&r=0&o=7&pid=1.7&rm=3;trop petite 197x180
Mouton cadet;;https://tse3.mm.bing.net/th/id/OIP.BUISjtgQCFpRYDFgcv1_NQHaEJ?w=286&h=180&c=7&r=0&o=7&pid=1.7&rm=3;trop petite 286x180
Mouton cadet;;https://tse2.mm.bing.net/th/id/OIP.AY3Ecu5bdt2eRhohV3tN0QHaE8?w=235&h=180&c=7&r=0&o=7&pid=1.7&rm=3;trop petite 235x180
Mouton cadet;;https://tse3.mm.bing.net/th/id/OIP.WarGKo2MAilAk9kPicv_VgHaEJ?w=280&h=180&c=7&r=0&o=7&pid=1.7&rm=3;trop petite 280x180
Mouton cadet;;https://tse4.mm.bing.net/th/id/OIP.n1KdmoWRhHcFla40WonRUgHaFa?w=215&h=180&c=7&r=0&o=7&pid=1.7&rm=3;trop petite 215x180
Mouton cadet;;https://tse1.mm.bing.net/th/id/OIP.G4TlSmUnCK9PmzYvCnSZYwHaEo?w=250&h=180&c=7&r=0&o=7&pid=1.7&rm=3;trop petite 250x180
Mouton cadet;;https://tse4.mm.bing.net/th/id/OIP.V_-mlXTo-LJ4u4aBbXLU6QHaFW?w=198&h=180&c=7&r=0&o=7&pid=1.7&rm=3;trop petite 198x180
Vin Porto;;https://r.bing.com/rp/r31GrT0Eaf_5sPyu1TswcyPA8VI.svg;cannot identify image file <_io.BytesIO object at 0x0000018A81188950>
Vin Porto;;https://r.bing.com/rp/fdVZU4ttbw8NDRm6H3I5BW3_vCo.svg;cannot identify image file <_io.BytesIO object at 0x0000018A81188950>
Vin Porto;;https://r.bing.com/rp/4L4QdyjTv0HYE2Ig2ol9eYoqxg8.svg;cannot identify image file <_io.BytesIO object at 0x0000018A81188950>
Vin Porto;;https://r.bing.com/rp/Fsa_OI0AplCnVoXGca8ALOo0S0s.svg;cannot identify image file <_io.BytesIO object at 0x0000018A81188950>
Vin Porto;;https://r.bing.com/rp/UusW4P7f5q9mXctgEuZhyIziufA.svg;cannot identify image file <_io.BytesIO object at 0x0000018A81188950>
Vin Porto;;https://r.bing.com/rp/4A9D07RlW6M7gPmPQQydX3khDJc.svg;cannot identify image file <_io.BytesIO object at 0x0000018A81188950>
Vin Porto;;https://r.bing.com/rp/OHA5u4HW70mLbGkOE41WRDXcYTY.svg;cannot identify image file <_io.BytesIO object at 0x0000018A81188950>
Vin Porto;;https://r.bing.com/rp/UzLAW1Q1WOatPD4L3XbeKD9b0Lg.svg;cannot identify image file <_io.BytesIO object at 0x0000018A81188950>
Vin Porto;;https://tse4.mm.bing.net/th/id/OIP.MiH1boZL4RN3D9qqLGodlQHaHa?w=185&h=185&c=7&r=0&o=7&pid=1.7&rm=3;trop petite 185x185
Vin Porto;;https://tse3.mm.bing.net/th/id/OIP.gCDIU4Qd1JtHN3yvsjwG6gHaHa?w=185&h=185&c=7&r=0&o=7&pid=1.7&rm=3;trop petite 185x185
Vin Porto;;https://tse1.mm.bing.net/th/id/OIP.nmE9Oexef6qCISMKxWdy5QHaF3?w=233&h=185&c=7&r=0&o=7&pid=1.7&rm=3;trop petite 233x185
Vin Porto;;https://tse1.mm.bing.net/th/id/OIP.JG0ldyRLTzk6KiEskM8vnwHaHa?w=185&h=185&c=7&r=0&o=7&pid=1.7&rm=3;trop petite 185x185
Vin Porto;;https://tse3.mm.bing.net/th/id/OIP.DLFnhDCVpGqch5LGdG7KvgHaHa?w=184&h=185&c=7&r=0&o=7&pid=1.7&rm=3;trop petite 184x185
Vin Porto;;https://tse4.mm.bing.net/th/id/OIP.t13ZETmaZdG2ybmHSLe1IQHaJw?w=163&h=215&c=7&r=0&o=7&pid=1.7&rm=3;trop petite 163x215
Vin Porto;;https://tse3.mm.bing.net/th/id/OIP.3-DzjOHB55iuMo2ihh4tkQHaHY?w=216&h=215&c=7&r=0&o=7&pid=1.7&rm=3;trop petite 216x215
Vin Porto;;https://tse1.mm.bing.net/th/id/OIP.b25mO47zStx7khuOEzqppQHaHa?w=215&h=215&c=7&r=0&o=7&pid=1.7&rm=3;trop petite 215x215
Vin Porto;;https://tse4.mm.bing.net/th/id/OIP.YOBcpGDwj4h1ZqyZudJxzwHaJ4?w=162&h=215&c=7&r=0&o=7&pid=1.7&rm=3;trop petite 162x215
Vin Porto;;https://tse4.mm.bing.net/th/id/OIP.0p-J2xOCp5bpUkkHODMLWQHaHa?w=216&h=215&c=7&r=0&o=7&pid=1.7&rm=3;trop petite 216x215
Vin Porto;;https://tse3.mm.bing.net/th/id/OIP.pTwkGY07E_pJD4qUlX1eHgHaL3?w=122&h=195&c=7&r=0&o=7&pid=1.7&rm=3;trop petite 122x195
Vin Porto;;https://tse4.mm.bing.net/th/id/OIP.XRYWD4NPtkQUhyqmhWTyVQHaHa?w=195&h=195&c=7&r=0&o=7&pid=1.7&rm=3;trop petite 195x195
Vin Porto;;https://tse4.mm.bing.net/th/id/OIP.8Nk2yqFxN4XDcli4XOrsAQHaHa?w=195&h=195&c=7&r=0&o=7&pid=1.7&rm=3;trop petite 195x195
Vin Porto;;https://tse2.mm.bing.net/th/id/OIP.NF5kc1SXMcX4mf844ksdbQHaJw?w=148&h=195&c=7&r=0&o=7&pid=1.7&rm=3;trop petite 148x195
Vin Porto;;https://tse1.mm.bing.net/th/id/OIP.Y8QYYTE0WavpZ1BhbgjXCAHaJB?w=159&h=195&c=7&r=0&o=7&pid=1.7&rm=3;trop petite 159x195
Vin Porto;;https://tse1.mm.bing.net/th/id/OIP.aWmAEigWb_9YOV88p0SEvgHaJ4?w=145&h=195&c=7&r=0&o=7&pid=1.7&rm=3;trop petite 145x195
Vin Porto;;https://tse1.mm.bing.net/th/id/OIP.bzuFXjXYwBV6lE-3RP7ahgHaHX?w=200&h=199&c=7&r=0&o=7&pid=1.7&rm=3;trop petite 200x199
Champagne Arman de Brignac;;https://r.bing.com/rp/r31GrT0Eaf_5sPyu1TswcyPA8VI.svg;cannot identify image file <_io.BytesIO object at 0x0000018A8194B470>
Champagne Arman de Brignac;;https://r.bing.com/rp/fdVZU4ttbw8NDRm6H3I5BW3_vCo.svg;cannot identify image file <_io.BytesIO object at 0x0000018A81BA5C60>
Champagne Arman de Brignac;;https://r.bing.com/rp/4L4QdyjTv0HYE2Ig2ol9eYoqxg8.svg;cannot identify image file <_io.BytesIO object at 0x0000018A819F9A80>
Champagne Arman de Brignac;;https://r.bing.com/rp/Fsa_OI0AplCnVoXGca8ALOo0S0s.svg;cannot identify image file <_io.BytesIO object at 0x0000018A8194B470>
Champagne Arman de Brignac;;https://r.bing.com/rp/UusW4P7f5q9mXctgEuZhyIziufA.svg;cannot identify image file <_io.BytesIO object at 0x0000018A81BA5C60>
Champagne Arman de Brignac;;https://r.bing.com/rp/4A9D07RlW6M7gPmPQQydX3khDJc.svg;cannot identify image file <_io.BytesIO object at 0x0000018A819F9A80>
Champagne Arman de Brignac;;https://r.bing.com/rp/OHA5u4HW70mLbGkOE41WRDXcYTY.svg;cannot identify image file <_io.BytesIO object at 0x0000018A8194B470>
Champagne Arman de Brignac;;https://r.bing.com/rp/UzLAW1Q1WOatPD4L3XbeKD9b0Lg.svg;cannot identify image file <_io.BytesIO object at 0x0000018A819F9A80>
Champagne Arman de Brignac;;https://tse1.mm.bing.net/th/id/OIP.APYF_1eMoiBLrMaCSpBtNQHaLH?w=194&h=292&c=7&r=0&o=7&pid=1.7&rm=3;trop petite 194x292
Champagne Arman de Brignac;;https://tse4.mm.bing.net/th/id/OIP.sGA9yrjeUtJgXu3YTzFQkwHaEK?w=194&h=109&c=7&r=0&o=7&pid=1.7&rm=3;trop petite 194x109
Champagne Arman de Brignac;;https://tse3.mm.bing.net/th/id/OIP.0gD0NIjT3kMpPfyqZbSkigHaK7?w=194&h=287&c=7&r=0&o=7&pid=1.7&rm=3;trop petite 194x287
Champagne Arman de Brignac;;https://tse4.mm.bing.net/th/id/OIP.G65FB01k9rkXAgcU4_4e-wHaLH?w=194&h=291&c=7&r=0&o=7&pid=1.7&rm=3;trop petite 194x291
Champagne Arman de Brignac;;https://tse2.mm.bing.net/th/id/OIP.ULoF9zcYzfIr9sF8suCO-wHaLH?w=194&h=291&c=7&r=0&o=7&pid=1.7&rm=3;trop petite 194x291
Champagne Arman de Brignac;;https://tse3.mm.bing.net/th/id/OIP.-JCpO5xBHHkMeeyL4wpfRQHaJ4?w=194&h=259&c=7&r=0&o=7&pid=1.7&rm=3;trop petite 194x259
Champagne Arman de Brignac;;https://tse2.mm.bing.net/th/id/OIP.tQivlimbD1IMt1QdwUF2nwHaK-?w=194&h=288&c=7&r=0&o=7&pid=1.7&rm=3;trop petite 194x288
Champagne Arman de Brignac;;https://tse2.mm.bing.net/th/id/OIP.ApKRfcT_cXjpeNlnsLBjZwHaKY?w=194&h=271&c=7&r=0&o=7&pid=1.7&rm=3;trop petite 194x271
Champagne Arman de Brignac;;https://tse4.mm.bing.net/th/id/OIP.lAY2irO5C1RMTcimZCMMxwHaFw?w=194&h=151&c=7&r=0&o=7&pid=1.7&rm=3;trop petite 194x151
Champagne Arman de Brignac;;https://tse4.mm.bing.net/th/id/OIP._RVvhtsAs2iil5wtw7OR2AHaK7?w=194&h=287&c=7&r=0&o=7&pid=1.7&rm=3;trop petite 194x287
Champagne Arman de Brignac;;https://tse1.mm.bing.net/th/id/OIP.xleIH9jadlf8Onxmj0Y7DAHaKk?w=194&h=277&c=7&r=0&o=7&pid=1.7&rm=3;trop petite 194x277
Champagne Arman de Brignac;;https://tse4.mm.bing.net/th/id/OIP.FcbtzYGW_L4qBXVZMQtcZAHaKe?w=194&h=274&c=7&r=0&o=7&pid=1.7&rm=3;trop petite 194x274
Champagne Arman de Brignac;;https://tse1.mm.bing.net/th/id/OIP.iApBh2wTyJIpp8Og5SGOrwHaHa?w=194&h=194&c=7&r=0&o=7&pid=1.7&rm=3;trop petite 194x194
Champagne Arman de Brignac;;https://tse4.mm.bing.net/th/id/OIP.QBgPl0eDQLun5UJyLf4_FgHaJ4?w=194&h=259&c=7&r=0&o=7&pid=1.7&rm=3;trop petite 194x259
Champagne Arman de Brignac;;https://tse1.mm.bing.net/th/id/OIP.aPWabPGx4uEB_-QtLsVHrgHaJ4?w=194&h=259&c=7&r=0&o=7&pid=1.7&rm=3;trop petite 194x259
Champagne Arman de Brignac;;https://tse1.mm.bing.net/th/id/OIP.pPYvq1Tn_oF8srA0ZfxmZwHaEK?w=194&h=109&c=7&r=0&o=7&pid=1.7&rm=3;trop petite 194x109
Champagne Arman de Brignac;;https://tse4.mm.bing.net/th/id/OIP.B6kmq45pNtwszhjpsdzc9wHaK-?w=194&h=288&c=7&r=0&o=7&pid=1.7&rm=3;trop petite 194x288
Champagne Laurent perrier;;https://r.bing.com/rp/r31GrT0Eaf_5sPyu1TswcyPA8VI.svg;cannot identify image file <_io.BytesIO object at 0x0000018A821A5260>
Champagne Laurent perrier;;https://r.bing.com/rp/fdVZU4ttbw8NDRm6H3I5BW3_vCo.svg;cannot identify image file <_io.BytesIO object at 0x0000018A821A52B0>
Champagne Laurent perrier;;https://r.bing.com/rp/4L4QdyjTv0HYE2Ig2ol9eYoqxg8.svg;cannot identify image file <_io.BytesIO object at 0x0000018A821A5300>
Champagne Laurent perrier;;https://r.bing.com/rp/Fsa_OI0AplCnVoXGca8ALOo0S0s.svg;cannot identify image file <_io.BytesIO object at 0x0000018A821A5210>
Champagne Laurent perrier;;https://r.bing.com/rp/UusW4P7f5q9mXctgEuZhyIziufA.svg;cannot identify image file <_io.BytesIO object at 0x0000018A821A5440>
Champagne Laurent perrier;;https://r.bing.com/rp/4A9D07RlW6M7gPmPQQydX3khDJc.svg;cannot identify image file <_io.BytesIO object at 0x0000018A821A53F0>
Champagne Laurent perrier;;https://r.bing.com/rp/OHA5u4HW70mLbGkOE41WRDXcYTY.svg;cannot identify image file <_io.BytesIO object at 0x0000018A821A5350>
Champagne Laurent perrier;;https://r.bing.com/rp/UzLAW1Q1WOatPD4L3XbeKD9b0Lg.svg;cannot identify image file <_io.BytesIO object at 0x0000018A821A5490>
Champagne Laurent perrier;;https://tse3.mm.bing.net/th/id/OIP.njwGZp0melUtKYVeRDnT7wHaE8?w=247&h=180&c=7&r=0&o=7&pid=1.7&rm=3;trop petite 247x180
Champagne Laurent perrier;;https://tse3.mm.bing.net/th/id/OIP.LQwtxBzVaJdctRJbqxbytAHaFF?w=239&h=180&c=7&r=0&o=7&pid=1.7&rm=3;trop petite 239x180
Champagne Laurent perrier;;https://tse1.mm.bing.net/th/id/OIP.udPfb6SU4UJa_osGNh2VHgHaE8?w=247&h=180&c=7&r=0&o=7&pid=1.7&rm=3;trop petite 247x180
Champagne Laurent perrier;;https://tse2.mm.bing.net/th/id/OIP.HaFQGtwg2mrcdF48ckiakgHaE8?w=247&h=180&c=7&r=0&o=7&pid=1.7&rm=3;trop petite 247x180
Champagne Laurent perrier;;https://tse4.mm.bing.net/th/id/OIP.GFvwyTdqBv-MxcwVIHvl_wHaF7?w=195&h=180&c=7&r=0&o=7&pid=1.7&rm=3;trop petite 195x180
Champagne Laurent perrier;;https://tse3.mm.bing.net/th/id/OIP.G2tzrpxsYGivHnniwBGGtQHaD3?w=298&h=180&c=7&r=0&o=7&pid=1.7&rm=3;trop petite 298x180
Champagne Laurent perrier;;https://tse1.mm.bing.net/th/id/OIP.41xkSaXV4rCCm3rSe3pk7AHaE8?w=233&h=180&c=7&r=0&o=7&pid=1.7&rm=3;trop petite 233x180
Champagne Laurent perrier;;https://tse3.mm.bing.net/th/id/OIP._Ee0vPwBu42lMmLNr02UzQHaEi?w=254&h=180&c=7&r=0&o=7&pid=1.7&rm=3;trop petite 254x180
Champagne Laurent perrier;;https://tse4.mm.bing.net/th/id/OIP.fXEvgtLdnHsbOYipqhXqdQHaE8?w=224&h=180&c=7&r=0&o=7&pid=1.7&rm=3;trop petite 224x180
Champagne Laurent perrier;;https://tse2.mm.bing.net/th/id/OIP.UJngAHz09rrryudvnxnYyAHaE8?w=224&h=180&c=7&r=0&o=7&pid=1.7&rm=3;trop petite 224x180
Champagne Laurent perrier;;https://tse2.mm.bing.net/th/id/OIP.Yw8uAyoSOiWf_rQkdviFOwHaEK?w=266&h=180&c=7&r=0&o=7&pid=1.7&rm=3;trop petite 266x180
Champagne Laurent perrier;;https://tse3.mm.bing.net/th/id/OIP.DiAid6NaETUJWT1VgprY0QHaEK?w=266&h=180&c=7&r=0&o=7&pid=1.7&rm=3;trop petite 266x180
Champagne Laurent perrier;;https://tse1.mm.bing.net/th/id/OIP.yxHQXoZSte36mB9I7hmC7wHaE8?w=264&h=180&c=7&r=0&o=7&pid=1.7&rm=3;trop petite 264x180
Champagne Laurent perrier;;https://tse1.mm.bing.net/th/id/OIP.qzdQh0SihXD0KQ-GJYNenwHaEK?w=313&h=180&c=7&r=0&o=7&pid=1.7&rm=3;trop petite 313x180
Champagne Laurent perrier;;https://tse4.mm.bing.net/th/id/OIP.XjJqY8b3LQxWjOpQmgouIwHaE8?w=264&h=180&c=7&r=0&o=7&pid=1.7&rm=3;trop petite 264x180
Champagne Laurent perrier;;https://tse1.mm.bing.net/th/id/OIP.SSgndRa5U2HJ50Vbky-BSwHaJQ?w=139&h=180&c=7&r=0&o=7&pid=1.7&rm=3;trop petite 139x180
Champagne Laurent perrier;;https://tse4.mm.bing.net/th/id/OIP.qvMLpsu1JyzXn060yBGoOAEsC1?w=269&h=180&c=7&r=0&o=7&pid=1.7&rm=3;trop petite 269x180
Champagne Don perignon;;https://r.bing.com/rp/r31GrT0Eaf_5sPyu1TswcyPA8VI.svg;cannot identify image file <_io.BytesIO object at 0x0000018A814A0C20>
Champagne Don perignon;;https://r.bing.com/rp/fdVZU4ttbw8NDRm6H3I5BW3_vCo.svg;cannot identify image file <_io.BytesIO object at 0x0000018A814A36F0>
Champagne Don perignon;;https://r.bing.com/rp/4L4QdyjTv0HYE2Ig2ol9eYoqxg8.svg;cannot identify image file <_io.BytesIO object at 0x0000018A814A3A60>
Champagne Don perignon;;https://r.bing.com/rp/Fsa_OI0AplCnVoXGca8ALOo0S0s.svg;cannot identify image file <_io.BytesIO object at 0x0000018A814A0D10>
Champagne Don perignon;;https://r.bing.com/rp/UusW4P7f5q9mXctgEuZhyIziufA.svg;cannot identify image file <_io.BytesIO object at 0x0000018A814A3830>
Champagne Don perignon;;https://r.bing.com/rp/4A9D07RlW6M7gPmPQQydX3khDJc.svg;cannot identify image file <_io.BytesIO object at 0x0000018A814A3A10>
Champagne Don perignon;;https://r.bing.com/rp/OHA5u4HW70mLbGkOE41WRDXcYTY.svg;cannot identify image file <_io.BytesIO object at 0x0000018A814A0B30>
Champagne Don perignon;;https://r.bing.com/rp/UzLAW1Q1WOatPD4L3XbeKD9b0Lg.svg;cannot identify image file <_io.BytesIO object at 0x0000018A814A3B00>
Champagne Don perignon;;https://tse2.mm.bing.net/th/id/OIP.ybAfzPlftnct9_iK8mhtQgHaFN?w=240&h=180&c=7&r=0&o=7&pid=1.7&rm=3;trop petite 240x180
Champagne Don perignon;;https://tse3.mm.bing.net/th/id/OIP.y2E-B8HtLUT8xi41oGYODAHaIs?w=143&h=180&c=7&r=0&o=7&pid=1.7&rm=3;trop petite 143x180
Champagne Don perignon;;https://tse3.mm.bing.net/th/id/OIP.NQath2SqlMNxdkaPklF-kgHaEM?w=297&h=180&c=7&r=0&o=7&pid=1.7&rm=3;trop petite 297x180
Champagne Don perignon;;https://tse4.mm.bing.net/th/id/OIP.tPQ-XHI6M8LTmcMJSgOrkwHaEK?w=300&h=180&c=7&r=0&o=7&pid=1.7&rm=3;trop petite 300x180
Champagne Don perignon;;https://tse3.mm.bing.net/th/id/OIP.RbxJw74mMoDxLUW6z7BawgHaF2?w=183&h=180&c=7&r=0&o=7&pid=1.7&rm=3;trop petite 183x180
Champagne Don perignon;;https://tse3.mm.bing.net/th/id/OIP.S8E7Ifp9NWz2XS8SksdHtQHaEK?w=257&h=180&c=7&r=0&o=7&pid=1.7&rm=3;trop petite 257x180
Champagne Don perignon;;https://tse4.mm.bing.net/th/id/OIP.cZ7b1_ttcnNWiIN7Q1vL2QHaDF?w=282&h=145&c=7&r=0&o=7&pid=1.7&rm=3;trop petite 282x145
Champagne Don perignon;;https://tse1.mm.bing.net/th/id/OIP.YTOxqIn46mLbZf_sh63SygHaEK?w=258&h=180&c=7&r=0&o=7&pid=1.7&rm=3;trop petite 258x180
Champagne Don perignon;;https://tse2.mm.bing.net/th/id/OIP.GOmC40eYZE1VBJJYhJLNuwHaEL?w=284&h=180&c=7&r=0&o=7&pid=1.7&rm=3;trop petite 284x180
Champagne Don perignon;;https://tse1.mm.bing.net/th/id/OIP.S4Fo6OBSSjGnWwqg9OwDLAHaFi?w=213&h=180&c=7&r=0&o=7&pid=1.7&rm=3;trop petite 213x180
Champagne Don perignon;;https://tse2.mm.bing.net/th/id/OIP._VQmAwxi4O-n2se_B_YMDgHaGB?w=197&h=180&c=7&r=0&o=7&pid=1.7&rm=3;trop petite 197x180
Champagne Don perignon;;https://tse3.mm.bing.net/th/id/OIP.BUISjtgQCFpRYDFgcv1_NQHaEJ?w=286&h=180&c=7&r=0&o=7&pid=1.7&rm=3;trop petite 286x180
Champagne Don perignon;;https://tse2.mm.bing.net/th/id/OIP.AY3Ecu5bdt2eRhohV3tN0QHaE8?w=235&h=180&c=7&r=0&o=7&pid=1.7&rm=3;trop petite 235x180
Champagne Don perignon;;https://tse3.mm.bing.net/th/id/OIP.WarGKo2MAilAk9kPicv_VgHaEJ?w=280&h=180&c=7&r=0&o=7&pid=1.7&rm=3;trop petite 280x180
Champagne Don perignon;;https://tse4.mm.bing.net/th/id/OIP.n1KdmoWRhHcFla40WonRUgHaFa?w=215&h=180&c=7&r=0&o=7&pid=1.7&rm=3;trop petite 215x180
Champagne Don perignon;;https://tse1.mm.bing.net/th/id/OIP.G4TlSmUnCK9PmzYvCnSZYwHaEo?w=250&h=180&c=7&r=0&o=7&pid=1.7&rm=3;trop petite 250x180
Champagne Don perignon;;https://tse4.mm.bing.net/th/id/OIP.V_-mlXTo-LJ4u4aBbXLU6QHaFW?w=198&h=180&c=7&r=0&o=7&pid=1.7&rm=3;trop petite 198x180
