sku;fichier;traitement;largeur_source;hauteur_source;largeur_sortie;hauteur_sortie;sha256_source;sha256_sortie;observation
ARM-BRUT-750;ARM-BRUT-750-01.jpg;fond_blanc_existant_conserve;365;547;365;547;9170faf7aa6ca5cb3146943dea623736504176b9651c71ace2912f24a08b9818;9170faf7aa6ca5cb3146943dea623736504176b9651c71ace2912f24a08b9818;Fichier source conserve a l identique.
ARM-BRUT-750;ARM-BRUT-750-02.jpg;fond_blanc_existant_conserve;395;506;395;506;78e958902204452e4d8000925fd20ef6031cc9d3425dc4742aa47baa75f0c482;78e958902204452e4d8000925fd20ef6031cc9d3425dc4742aa47baa75f0c482;Fichier source conserve a l identique.
ARM-BRUT-750;ARM-BRUT-750-03.jpg;fond_blanc_existant_conserve;366;546;366;546;2c1e394b96793667881ca48ffaa6b315862fafadeeba349ae91310d76a88cbcf;2c1e394b96793667881ca48ffaa6b315862fafadeeba349ae91310d76a88cbcf;Fichier source conserve a l identique.
CAM-SCO-750;CAM-SCO-750-01.jpg;fond_blanc_existant_conserve;454;700;454;700;5244b8bb22c6a73683398b4c47efac8cf56b7752fccbb7cc27a787173e5e6031;5244b8bb22c6a73683398b4c47efac8cf56b7752fccbb7cc27a787173e5e6031;Fichier source conserve a l identique.
CAM-SCO-750;CAM-SCO-750-02.jpg;fond_blanc_existant_conserve;447;447;447;447;23aed4bcd6a83c637cb4a208fc8920fc399b6c96cdec6c16630c964312a413ef;23aed4bcd6a83c637cb4a208fc8920fc399b6c96cdec6c16630c964312a413ef;Fichier source conserve a l identique.
CAM-SCO-750;CAM-SCO-750-03.webp;fond_blanc_existant_conserve;1200;1200;1200;1200;1c1a5577b56286c8d0948650776c4955ff7f408747ac0dfbcf7789a9002f51a5;1c1a5577b56286c8d0948650776c4955ff7f408747ac0dfbcf7789a9002f51a5;Fichier source conserve a l identique.
CHI-REG-1140;CHI-REG-1140-01.webp;fond_blanc_existant_conserve;1000;1000;1000;1000;98a028ec7fb58cc5b07aa3f8683d0f37095cf81887fb1ccef023a11d20a80b04;98a028ec7fb58cc5b07aa3f8683d0f37095cf81887fb1ccef023a11d20a80b04;Fichier source conserve a l identique.
CHI-REG-1140;CHI-REG-1140-02.jpg;fond_blanc_existant_conserve;192;263;192;263;997f7b5c2c58d91a67603b7ad49b5d45392fffdcc90cb76b77e1ad90e1585bce;997f7b5c2c58d91a67603b7ad49b5d45392fffdcc90cb76b77e1ad90e1585bce;Fichier source conserve a l identique.
DOM-PER-750;DOM-PER-750-01.jpg;fond_blanc_existant_conserve;1000;1500;1000;1500;8c7ec53719b6337ab3e6015147cd045c5bc59231e97470fb42ccde858612de5f;8c7ec53719b6337ab3e6015147cd045c5bc59231e97470fb42ccde858612de5f;Fichier source conserve a l identique.
FIO-PA-1500;FIO-PA-1500-01.jpg;fond_blanc_existant_conserve;1024;2048;1024;2048;3e0710553b30aa86eba845d323c9e544dfada689ee7404cccc35d2e0c86d98ee;3e0710553b30aa86eba845d323c9e544dfada689ee7404cccc35d2e0c86d98ee;Fichier source conserve a l identique.
FIO-PA-1500;FIO-PA-1500-02.jpg;fond_blanc_existant_conserve;470;600;470;600;b57242b06ca7a9c6252804c77ddee8ec010b8f8f5c6a24639b4f88bbda48e907;b57242b06ca7a9c6252804c77ddee8ec010b8f8f5c6a24639b4f88bbda48e907;Fichier source conserve a l identique.
FIO-PA-750;FIO-PA-750-01.jpg;fond_blanc_existant_conserve;1024;2048;1024;2048;3e0710553b30aa86eba845d323c9e544dfada689ee7404cccc35d2e0c86d98ee;3e0710553b30aa86eba845d323c9e544dfada689ee7404cccc35d2e0c86d98ee;Fichier source conserve a l identique.
FIO-PA-750;FIO-PA-750-02.jpg;fond_blanc_existant_conserve;1194;672;1194;672;3cc0bbda0bb99d4189b4157192927d7ebec33859bef031990c565d855d247b9b;3cc0bbda0bb99d4189b4157192927d7ebec33859bef031990c565d855d247b9b;Fichier source conserve a l identique.
FIO-PA-750;FIO-PA-750-03.png;fond_blanc_opaque_ajoute;600;600;1254;1254;62aed1fa34c51bf622b1bc2117bc5911d60949236c5407cf8a2a67d140bcf9d2;417304b1f1a81740a907777ad25b75a4dfd087e45da7f2a3971eaa513a842af7;"Retouche IA; petits caracteres et details fins reinterpretes; dimensions augmentees."
FIO-PA-750;FIO-PA-750-04.png;fond_blanc_existant_conserve;1254;1254;1254;1254;b2b0249532bbb67070a40ef23e29bcf14d6d36b9336a2ef947899861d36f74eb;b2b0249532bbb67070a40ef23e29bcf14d6d36b9336a2ef947899861d36f74eb;Fichier source conserve a l identique.
FIO-PA-750;FIO-PA-750-05.jpg;fond_blanc_existant_conserve;1280;1280;1280;1280;24fa89964e62aa73d3dc8a9825fdfb7a08100cca1ecf9283016cde4dc9f2143f;24fa89964e62aa73d3dc8a9825fdfb7a08100cca1ecf9283016cde4dc9f2143f;Fichier source conserve a l identique.
FIO-PA-750;FIO-PA-750-06.webp;fond_blanc_existant_conserve;999;999;999;999;3a47d2e65bfd777092fcef69bc3ca49fba78d035f8b3326ac23721633de60aa8;3a47d2e65bfd777092fcef69bc3ca49fba78d035f8b3326ac23721633de60aa8;Fichier source conserve a l identique.
GLEN-12-750;GLEN-12-750-01.jpg;fond_blanc_existant_conserve;447;447;447;447;94a03f200a8f148b483325c6d2eb234067e1f2060e19a347dbccde883e3e7760;94a03f200a8f148b483325c6d2eb234067e1f2060e19a347dbccde883e3e7760;Fichier source conserve a l identique.
GLEN-12-750;GLEN-12-750-02.jpg;fond_blanc_existant_conserve;960;1280;960;1280;13017d2613be6c086fd46a436b83f847c8f596f61f8d6d84ae364eaeeb9eddd4;13017d2613be6c086fd46a436b83f847c8f596f61f8d6d84ae364eaeeb9eddd4;Fichier source conserve a l identique.
GLEN-15-750;GLEN-15-750-01.jpg;fond_blanc_existant_conserve;183;275;183;275;fe0cb55377406d4c5c01b615d3b2a23656d3f4c2f1a8a9d459ed0db87b793d3b;fe0cb55377406d4c5c01b615d3b2a23656d3f4c2f1a8a9d459ed0db87b793d3b;Fichier source conserve a l identique.
GLEN-15-750;GLEN-15-750-02.jpg;fond_blanc_existant_conserve;387;516;387;516;92fb24d9a484647bb2d8a3c8c2f11d63f58fd9e4a01ad98df7f0a332e4dba744;92fb24d9a484647bb2d8a3c8c2f11d63f58fd9e4a01ad98df7f0a332e4dba744;Fichier source conserve a l identique.
GLEN-18-750;GLEN-18-750-01.jpg;fond_blanc_opaque_ajoute;365;547;1024;1536;afc5080b28efedfe146f92bacaa558e25a8def1f237e30895b28424a284e3b94;870a9e93e664aed9cdf685e33f9b76486a19418d240267d75d468f350a6d3324;"Retouche IA; petits caracteres et details fins reinterpretes; dimensions augmentees."
GLEN-18-750;GLEN-18-750-02.webp;fond_blanc_existant_conserve;364;485;364;485;0ea28139156dba6f776f1d28dc1f3dd84a067a8eab270773c08d51b7fbcb9500;0ea28139156dba6f776f1d28dc1f3dd84a067a8eab270773c08d51b7fbcb9500;Fichier source conserve a l identique.
HEN-HEN-750;HEN-HEN-750-01.webp;fond_blanc_opaque_ajoute;367;550;1024;1535;102e5234eb0bc47357ad18cd3e7d31ea9ff64a41f916c64a941dbdc6a61e78f5;1671a3a945deaa3e419c196a925f57bb0221eb73448e667c5bea3c73ccb93be9;"Retouche IA; petits caracteres et details fins reinterpretes; dimensions augmentees."
HEN-HEN-750;HEN-HEN-750-02.webp;fond_blanc_opaque_ajoute;1000;1500;1024;1536;1d405fd445c2e3b298761c44e4eb3fa6c8dd6480425e7deeb8d2ddb9f80834ce;08e6e68c270c877f361cf118e1a3dd1371fc588a7660e60baa302dae87387543;"Retouche IA; petits caracteres et details fins reinterpretes; dimensions augmentees."
HEN-HEN-750;HEN-HEN-750-03.webp;fond_blanc_existant_conserve;1250;1250;1250;1250;4935bfd1a957915027ff1c52a562891419d0f86b281c9506c6d99f358ff72df6;4935bfd1a957915027ff1c52a562891419d0f86b281c9506c6d99f358ff72df6;Fichier source conserve a l identique.
HEN-PAR-700;HEN-PAR-700-01.webp;fond_blanc_existant_conserve;1875;1875;1875;1875;19fa29988c18f558fa6a995cf05aaf1cb0e7b5aa5d6ca2c808034852b551649d;19fa29988c18f558fa6a995cf05aaf1cb0e7b5aa5d6ca2c808034852b551649d;Fichier source conserve a l identique.
HEN-PAR-700;HEN-PAR-700-02.webp;fond_blanc_existant_conserve;1250;1600;1250;1600;f6380f7f041955ae1ad388d02a858191ec99aed0ccc1fc4792680d21347e36ae;f6380f7f041955ae1ad388d02a858191ec99aed0ccc1fc4792680d21347e36ae;Fichier source conserve a l identique.
HEN-XO-750;HEN-XO-750-01.jpg;fond_blanc_existant_conserve;2000;2000;2000;2000;c39fe0db791a5fb313376f90cfcb5bf9e380132afe91e777f5b5223332504af5;c39fe0db791a5fb313376f90cfcb5bf9e380132afe91e777f5b5223332504af5;Fichier source conserve a l identique.
HEN-XO-750;HEN-XO-750-02.jpg;fond_blanc_existant_conserve;2000;2000;2000;2000;3a1f9069fd91f7a6b1aaa075b2e7dd367befd544aef041af24d62cef1c1947a8;3a1f9069fd91f7a6b1aaa075b2e7dd367befd544aef041af24d62cef1c1947a8;Fichier source conserve a l identique.
JHW-BLUE-750;JHW-BLUE-750-01.jpg;fond_blanc_existant_conserve;960;1280;960;1280;f70ae7c643facc15b7490188eefa10bcc691f9d9cd6098ff4b68bf566b11a3c2;f70ae7c643facc15b7490188eefa10bcc691f9d9cd6098ff4b68bf566b11a3c2;Fichier source conserve a l identique.
JHW-BLUE-750;JHW-BLUE-750-02.webp;fond_blanc_existant_conserve;1200;1200;1200;1200;8203bc22b19d92880a1e244e2c96e5461ed76092d141460dab5e93cc2eb7da01;8203bc22b19d92880a1e244e2c96e5461ed76092d141460dab5e93cc2eb7da01;Fichier source conserve a l identique.
JHW-BLUE-750;JHW-BLUE-750-03.webp;fond_blanc_opaque_ajoute;367;550;1024;1535;9489c786bccab9cde71c998c6c93659a531492e944e1312a156a97439be3ab0f;a2b2c11901da985320fb9cec5a433c6df85bf806b12739386ea404c35381199d;"Retouche IA; petits caracteres et details fins reinterpretes; dimensions augmentees."
JHW-BLUE-750;JHW-BLUE-750-04.webp;fond_blanc_opaque_ajoute;367;550;1024;1535;b2c8f2156447482251ad4a144beca2d30a16427f74b08e9c6e38fb0be2d33bc7;83dd0c2aaa841982465c32ba326d1722057e1782a45269d6f23c8b71ff33d82b;"Retouche IA; petits caracteres et details fins reinterpretes; dimensions augmentees."
JHW-BLUE-750;JHW-BLUE-750-05.webp;fond_blanc_opaque_ajoute;367;550;1024;1535;a917f7bb80bd38fd4744649ca1770d4a792608b8a5cea53b4aaf236f7684506a;3598652dee96a7a63e6e210cf78f9a925551b8a9031cd52b038879563a7249b7;"Retouche IA; petits caracteres et details fins reinterpretes; dimensions augmentees."
JHW-GOLD-750;JHW-GOLD-750-01.jpg;fond_blanc_existant_conserve;900;1200;900;1200;7001b0fa0ed5a6b0073e4bac0bda04153fb8b14732c85a9518ddd3990c1bfa5c;7001b0fa0ed5a6b0073e4bac0bda04153fb8b14732c85a9518ddd3990c1bfa5c;Fichier source conserve a l identique.
JHW-GOLD-750;JHW-GOLD-750-02.webp;fond_blanc_opaque_ajoute;1000;1500;1024;1536;8a5de8ddf125dd625611876b93ab288d1603dba159ea157b5cb66515a47ddf9b;a0e1321bba57e3a1d6748f299130f6d5f7247ffaf6b2e914c029d6fe803bfb0b;"Retouche IA; petits caracteres et details fins reinterpretes; dimensions augmentees."
JHW-GOSHT-750;JHW-GOSHT-750-01.jpg;fond_blanc_existant_conserve;400;1000;400;1000;290fb443da1c20cc30e6cbf571128651afac482836a60d6f1e2f5574dba99e68;290fb443da1c20cc30e6cbf571128651afac482836a60d6f1e2f5574dba99e68;Fichier source conserve a l identique.
JHW-GOSHT-750;JHW-GOSHT-750-02.webp;fond_blanc_existant_conserve;800;1100;800;1100;543a4fd5d7a2f6192c6ac35e6ba58ca57406451bab3a69585d2975210d5813d4;543a4fd5d7a2f6192c6ac35e6ba58ca57406451bab3a69585d2975210d5813d4;Fichier source conserve a l identique.
LPE-BRUT-750;LPE-BRUT-750-01.jpg;fond_blanc_existant_conserve;960;1280;960;1280;330473fae421e35f0e8984408e12ff4e5db2c5419118c2fbcb05348bc9100afa;330473fae421e35f0e8984408e12ff4e5db2c5419118c2fbcb05348bc9100afa;Fichier source conserve a l identique.
MAR-MAR-700;MAR-MAR-700-01.webp;fond_blanc_existant_conserve;720;720;720;720;6a66314426a4e66dc628daea980b0a67f3a8989df0367097c8922ad94cf76a42;6a66314426a4e66dc628daea980b0a67f3a8989df0367097c8922ad94cf76a42;Fichier source conserve a l identique.
MAR-MAR-700;MAR-MAR-700-02.avif;fond_blanc_opaque_ajoute;700;700;1254;1254;08281991c04536c50876e21f66aab63591b700c66ffcc6d743054d0b513e98f5;f9c4f3988885ecdfb56f021446ee908c7ba1ac4e16a0ca2c413d0a77b52e4897;"Retouche IA; petits caracteres et details fins reinterpretes; dimensions augmentees."
MAR-XO-700;MAR-XO-700-01.jpg;fond_blanc_existant_conserve;960;1280;960;1280;4604c026a0ffba01d5a025983c2b534251abd1a591148dedab99e9b6775ae0ea;4604c026a0ffba01d5a025983c2b534251abd1a591148dedab99e9b6775ae0ea;Fichier source conserve a l identique.
MAR-XXO-1000;MAR-XXO-1000-01.jpg;fond_blanc_existant_conserve;395;506;395;506;eefb8a322cef5486be2d1d9187e68048e98258fd3138bd56f16c68e7b37dd059;eefb8a322cef5486be2d1d9187e68048e98258fd3138bd56f16c68e7b37dd059;Fichier source conserve a l identique.
MAR-XXO-1000;MAR-XXO-1000-02.jpg;fond_blanc_existant_conserve;447;447;447;447;38c4e7b7f568c66d7501509b4e17f3e51d95043d36ad2464a6afd499b69dd8ef;38c4e7b7f568c66d7501509b4e17f3e51d95043d36ad2464a6afd499b69dd8ef;Fichier source conserve a l identique.
MOET-BRUT-750;MOET-BRUT-750-01.webp;fond_blanc_existant_conserve;688;688;688;688;2152a3a83ae62e110144cc7955aa1e7cfe2a789ef6487f4c53775ee0f9f7b5ab;2152a3a83ae62e110144cc7955aa1e7cfe2a789ef6487f4c53775ee0f9f7b5ab;Fichier source conserve a l identique.
MOET-BRUT-750;MOET-BRUT-750-02.png;fond_blanc_opaque_ajoute;500;792;996;1578;eaf8ec7bb150323d66ae231df4ad38785fdf5ea84d1685af15b1c3d428f09b16;6efea9e965e809c37019d24011ff08553a4c8109ad44e6236fe0cbb9a434525b;"Retouche IA; petits caracteres et details fins reinterpretes; dimensions augmentees."
MOU-CAD-750;MOU-CAD-750-01.jpg;fond_blanc_existant_conserve;450;450;450;450;a412c8846cdb48b27ee064ec8a120c7150ecc31dc63132b01a29d62821156a33;a412c8846cdb48b27ee064ec8a120c7150ecc31dc63132b01a29d62821156a33;Fichier source conserve a l identique.
POR-ROUGE-750;POR-ROUGE-750-01.png;fond_blanc_existant_conserve;1024;1024;1024;1024;9099cdcfd4541f0bb4cbb0c1b540d7f41d56cbabd0a356fb1808de0c1ba9f977;9099cdcfd4541f0bb4cbb0c1b540d7f41d56cbabd0a356fb1808de0c1ba9f977;Fichier source conserve a l identique.
RUIN-RUI-750;RUIN-RUI-750-01.png;fond_blanc_opaque_ajoute;992;992;1254;1254;625903e08df7d90aa1a6e20bd45181614a7185e64602405f66806d95294cab13;1d5382e99f2dce49bd55f3530710fa0d7dcc668792f5df12a5f635b39cc9e04e;"Retouche IA; petits caracteres et details fins reinterpretes; dimensions augmentees."
RUIN-RUI-750;RUIN-RUI-750-02.webp;fond_blanc_opaque_ajoute;229;600;774;2032;0b54408272d0ae27180e584adbd41d5c9ca9f79bdf0d1e43fdc914a5210e0944;4a16a287066981fea28ed67c76d954d76aa985118f0af07e8e28069b1b779837;"Retouche IA; petits caracteres et details fins reinterpretes; dimensions augmentees."
RUIN-RUI-750;RUIN-RUI-750-03.png;fond_blanc_opaque_ajoute;356;475;1086;1449;ddb8b60b08ff2c678c140a800523ed979e1713e409752581fd6b5dd3597878a2;beb57a4cbda64a4bec87a7bd77cf86f047f156091a17c77d1d6a00712c0cfaee;"Retouche IA; petits caracteres et details fins reinterpretes; dimensions augmentees."
RUIN-RUI-750;RUIN-RUI-750-04.webp;fond_blanc_opaque_ajoute;600;600;1254;1254;046d2671df2207833c7b04d14bda85f8359a475a9d40ec5a343b6ef97a4a2cdd;a7ea48225d2f74e15df725dd68e642a955ecc00904d2117627c4895dd798f483;"Retouche IA; petits caracteres et details fins reinterpretes; dimensions augmentees."
VEUVE-BRUT-750;VEUVE-BRUT-750-01.jpg;fond_blanc_existant_conserve;452;678;452;678;a94152510805bc52ded27bb3cd479b5d67acb37f7d8384d7dbf9040fb0db3b4a;a94152510805bc52ded27bb3cd479b5d67acb37f7d8384d7dbf9040fb0db3b4a;Fichier source conserve a l identique.
VEUVE-BRUT-750;VEUVE-BRUT-750-02.webp;fond_blanc_opaque_ajoute;286;1000;725;2170;ae0ed75dba4a8ab761f252fbae2bc177db439f0f9ad674550b984372e74b76ce;6e57666e5502a26dd4ef7dd11863620e38c9035c829ddd26b3efc8b76591c460;"Retouche IA; petits caracteres et details fins reinterpretes; dimensions augmentees."
